Player,Season,Runs,Balls,Batting_Avg,Strike_Rate,Economy,Wickets_Per_Match,Matches,High_Performer,Next_Season_Runs,High_Performer_Next_Season,Runs_Per_Match,Balls_Per_Match,Batting_Impact
A Badoni,2022,161,139,20.12,115.83,5.5,0.18,11,0,238.0,0,14.636363636363637,12.636363636363637,23.304996000000003
A Badoni,2023,238,186,23.8,127.96,0.0,0.0,12,0,235.0,0,19.833333333333332,15.5,30.45448
A Badoni,2024,235,180,29.38,130.56,12.5,0.0,12,0,329.0,1,19.583333333333332,15.0,38.358528
A Kamboj,2024,2,2,2.0,100.0,9.35,0.67,3,0,14.0,0,0.6666666666666666,0.6666666666666666,2.0
A Manohar,2022,108,79,18.0,136.71,0.0,0.0,7,0,114.0,0,15.428571428571429,11.285714285714286,24.6078
A Manohar,2023,114,86,19.0,132.56,0.0,0.0,6,0,9.0,0,19.0,14.333333333333334,25.1864
A Manohar,2024,9,16,4.5,56.25,0.0,0.0,2,0,61.0,0,4.5,8.0,2.53125
A Mishra,2016,4,14,2.0,28.57,7.01,0.93,14,0,49.0,0,0.2857142857142857,1.0,0.5714
A Mishra,2017,49,56,49.0,87.5,8.58,0.71,14,0,1.0,0,3.5,4.0,42.875
A Mishra,2018,1,2,1.0,50.0,6.88,1.2,10,0,21.0,0,0.1,0.2,0.5
A Mishra,2019,21,26,10.5,80.77,6.59,1.0,11,0,0.0,0,1.9090909090909092,2.3636363636363638,8.480849999999998
A Mishra,2020,0,0,0.0,0.0,6.98,1.0,3,0,0.0,0,0.0,0.0,0.0
A Mishra,2021,0,0,0.0,0.0,7.79,1.5,4,0,19.0,0,0.0,0.0,0.0
A Mishra,2023,19,30,19.0,63.33,7.72,1.0,7,0,0.0,0,2.7142857142857144,4.285714285714286,12.0327
A Nehra,2016,1,1,1.0,100.0,7.16,1.12,8,0,0.0,0,0.125,0.125,1.0
A Nortje,2020,7,6,7.0,116.67,8.01,1.38,16,0,0.0,0,0.4375,0.375,8.1669
A Nortje,2021,0,0,0.0,0.0,5.58,1.5,8,0,1.0,0,0.0,0.0,0.0
A Nortje,2022,1,7,1.0,14.29,8.73,1.5,6,0,37.0,0,0.16666666666666666,1.1666666666666667,0.1429
A Nortje,2023,37,29,12.33,127.59,8.44,1.0,10,0,4.0,0,3.7,2.9,15.731847
A Nortje,2024,4,9,2.0,44.44,12.26,1.17,6,0,0.0,0,0.6666666666666666,1.5,0.8887999999999999
A Raghuvanshi,2024,163,109,23.29,149.54,0.0,0.0,7,0,300.0,1,23.285714285714285,15.571428571428571,34.827866
A Zampa,2016,0,1,0.0,0.0,6.41,2.4,5,0,5.0,0,0.0,0.2,0.0
A Zampa,2017,5,7,5.0,71.43,7.87,1.17,6,0,0.0,0,0.8333333333333334,1.1666666666666667,3.5715000000000003
A Zampa,2020,0,0,0.0,0.0,8.15,0.67,3,0,10.0,0,0.0,0.0,0.0
A Zampa,2023,10,17,3.33,58.82,8.39,1.33,6,0,0.0,0,1.6666666666666667,2.8333333333333335,1.958706
AB Dinda,2016,0,0,0.0,0.0,6.94,1.22,9,0,7.0,0,0.0,0.0,0.0
AB de Villiers,2016,687,415,52.85,165.54,0.0,0.0,16,1,216.0,0,42.9375,25.9375,87.48789000000001
AB de Villiers,2017,216,171,27.0,126.32,0.0,0.0,9,0,480.0,1,24.0,19.0,34.1064
AB de Villiers,2018,480,280,53.33,171.43,0.0,0.0,11,1,442.0,1,43.63636363636363,25.454545454545453,91.423619
AB de Villiers,2019,442,294,44.2,150.34,0.0,0.0,13,1,460.0,1,34.0,22.615384615384617,66.45028
AB de Villiers,2020,460,296,46.0,155.41,0.0,0.0,14,1,313.0,1,32.857142857142854,21.142857142857142,71.48859999999999
AD Nath,2016,20,27,6.67,74.07,0.0,0.0,3,0,0.0,0,6.666666666666667,9.0,4.940468999999999
AD Nath,2017,0,1,0.0,0.0,0.0,0.0,1,0,9.0,0,0.0,1.0,0.0
AD Nath,2018,9,13,9.0,69.23,0.0,0.0,1,0,61.0,0,9.0,13.0,6.230700000000001
AD Russell,2016,188,125,26.86,150.4,7.55,1.25,12,0,316.0,1,15.666666666666666,10.416666666666666,40.39744
AD Russell,2018,316,179,28.73,176.54,8.61,0.87,15,1,514.0,1,21.066666666666666,11.933333333333334,50.719942
AD Russell,2019,514,274,64.25,187.59,9.43,0.85,13,1,117.0,0,39.53846153846154,21.076923076923077,120.526575
AD Russell,2020,117,82,13.0,142.68,8.84,0.6,10,0,183.0,0,11.7,8.2,18.5484
AD Russell,2021,183,127,26.14,144.09,8.85,1.1,10,0,335.0,1,18.3,12.7,37.665126
AD Russell,2022,335,200,37.22,167.5,9.1,1.31,13,1,227.0,0,25.76923076923077,15.384615384615385,62.34349999999999
AD Russell,2023,227,162,20.64,140.12,9.94,0.5,14,0,222.0,0,16.214285714285715,11.571428571428571,28.920768000000002
AD Russell,2024,222,141,31.71,157.45,9.03,1.36,14,0,167.0,0,15.857142857142858,10.071428571428571,49.927395
AF Milne,2016,0,0,0.0,0.0,9.12,1.0,1,0,7.0,0,0.0,0.0,0.0
AF Milne,2017,7,12,3.5,58.33,8.53,0.75,4,0,16.0,0,1.75,3.0,2.04155
AF Milne,2021,16,19,8.0,84.21,8.83,1.0,4,0,0.0,0,4.0,4.75,6.7368
AJ Finch,2016,393,311,39.3,126.37,0.0,0.0,12,1,300.0,1,32.75,25.916666666666668,49.66340999999999
AJ Finch,2017,300,190,25.0,157.89,0.0,0.0,13,1,134.0,0,23.076923076923077,14.615384615384615,39.4725
AJ Finch,2018,134,102,16.75,131.37,0.0,0.0,9,0,268.0,0,14.88888888888889,11.333333333333334,22.004475000000003
AJ Finch,2020,268,254,22.33,105.51,0.0,0.0,12,0,86.0,0,22.333333333333332,21.166666666666668,23.560382999999998
AJ Turner,2019,3,11,1.0,27.27,0.0,0.0,4,0,21.0,0,0.75,2.75,0.2727
AJ Tye,2017,53,30,26.5,176.67,6.52,2.0,6,0,32.0,0,8.833333333333334,5.0,46.817550000000004
AJ Tye,2018,32,40,5.33,80.0,7.33,1.71,14,0,0.0,0,2.2857142857142856,2.857142857142857,4.263999999999999
AJ Tye,2019,0,2,0.0,0.0,9.99,0.5,6,0,6.0,0,0.0,0.3333333333333333,0.0
AJ Tye,2020,6,7,6.0,85.71,10.44,1.0,1,0,0.0,0,6.0,7.0,5.1426
AK Markram,2021,146,123,29.2,118.7,5.28,0.0,6,0,381.0,1,24.333333333333332,20.5,34.6604
AK Markram,2022,381,277,47.62,137.55,10.67,0.08,13,1,248.0,0,29.307692307692307,21.307692307692307,65.50131
AK Markram,2023,248,200,22.55,124.0,8.57,0.08,13,0,220.0,0,19.076923076923077,15.384615384615385,27.962000000000003
AK Markram,2024,220,187,24.44,117.65,6.46,0.0,11,0,445.0,1,20.0,17.0,28.753660000000004
AM Rahane,2016,480,387,43.64,124.03,0.0,0.0,14,1,382.0,1,34.285714285714285,27.642857142857142,54.126692000000006
AM Rahane,2017,382,328,25.47,116.46,0.0,0.0,16,1,370.0,1,23.875,20.5,29.662361999999998
AM Rahane,2018,370,321,28.46,115.26,0.0,0.0,14,1,393.0,1,26.428571428571427,22.928571428571427,32.802996
AM Rahane,2019,393,289,32.75,135.99,0.0,0.0,13,1,113.0,0,30.23076923076923,22.23076923076923,44.536725000000004
AM Rahane,2020,113,113,14.12,100.0,0.0,0.0,8,0,8.0,0,14.125,14.125,14.12
AM Rahane,2021,8,9,8.0,88.89,0.0,0.0,1,0,133.0,0,8.0,9.0,7.1112
AM Rahane,2022,133,131,19.0,101.53,0.0,0.0,7,0,326.0,1,19.0,18.714285714285715,19.2907
AM Rahane,2023,326,193,32.6,168.91,0.0,0.0,11,1,242.0,0,29.636363636363637,17.545454545454547,55.06466
AM Rahane,2024,242,200,20.17,121.0,0.0,0.0,12,0,390.0,1,20.166666666666668,16.666666666666668,24.405700000000003
AP Tare,2016,8,15,4.0,53.33,0.0,0.0,2,0,18.0,0,4.0,7.5,2.1332
AR Patel,2016,111,81,15.86,137.04,7.78,0.93,14,0,227.0,0,7.928571428571429,5.785714285714286,21.734543999999996
AR Patel,2017,227,171,28.38,132.75,7.27,1.07,14,0,80.0,0,16.214285714285715,12.214285714285714,37.67445
AR Patel,2018,80,71,13.33,112.68,8.2,0.33,9,0,110.0,0,8.88888888888889,7.888888888888889,15.020244
AR Patel,2019,110,90,18.33,122.22,7.09,0.71,14,0,117.0,0,7.857142857142857,6.428571428571429,22.402925999999997
AR Patel,2020,117,90,14.62,130.0,6.33,0.6,15,0,40.0,0,7.8,6.0,19.006
AR Patel,2021,40,52,8.0,76.92,6.51,1.25,12,0,182.0,0,3.3333333333333335,4.333333333333333,6.1536
AR Patel,2022,182,122,45.5,149.18,7.29,0.46,13,0,283.0,0,14.0,9.384615384615385,67.8769
AR Patel,2023,283,216,28.3,131.02,6.83,0.79,14,0,235.0,0,20.214285714285715,15.428571428571429,37.078660000000006
AR Patel,2024,235,183,29.38,128.42,7.61,0.79,14,0,263.0,0,16.785714285714285,13.071428571428571,37.72979599999999
AS Joseph,2019,15,13,15.0,115.38,9.16,2.0,3,0,5.0,0,5.0,4.333333333333333,17.307
AS Joseph,2022,5,7,5.0,71.43,8.37,0.78,9,0,7.0,0,0.5555555555555556,0.7777777777777778,3.5715000000000003
AS Joseph,2023,7,12,7.0,58.33,8.76,1.0,7,0,0.0,0,1.0,1.7142857142857142,4.0831
AS Rajpoot,2016,0,0,0.0,0.0,7.33,0.75,4,0,4.0,0,0.0,0.0,0.0
AS Rajpoot,2017,4,7,4.0,57.14,7.17,0.8,5,0,11.0,0,0.8,1.4,2.2856
AS Rajpoot,2018,11,18,3.67,61.11,7.73,1.38,8,0,0.0,0,1.375,2.25,2.242737
AS Rajpoot,2019,0,0,0.0,0.0,8.59,0.75,4,0,9.0,0,0.0,0.0,0.0
AS Roy,2019,0,0,0.0,0.0,3.2,1.0,1,0,0.0,0,0.0,0.0,0.0
AS Roy,2022,0,2,0.0,0.0,7.86,0.5,2,0,23.0,0,0.0,1.0,0.0
AS Roy,2023,23,19,11.5,121.05,7.29,0.75,4,0,3.0,0,5.75,4.75,13.92075
AS Roy,2024,3,3,3.0,100.0,10.59,0.0,3,0,0.0,0,1.0,1.0,3.0
AT Rayudu,2016,334,284,30.36,117.61,0.0,0.0,12,1,91.0,0,27.833333333333332,23.666666666666668,35.706396
AT Rayudu,2017,91,80,18.2,113.75,0.0,0.0,5,0,602.0,1,18.2,16.0,20.7025
AT Rayudu,2018,602,410,43.0,146.83,0.0,0.0,16,1,282.0,0,37.625,25.625,63.136900000000004
AT Rayudu,2019,282,307,23.5,91.86,0.0,0.0,17,0,359.0,1,16.58823529411765,18.058823529411764,21.5871
AT Rayudu,2020,359,289,39.89,124.22,0.0,0.0,11,1,257.0,0,32.63636363636363,26.272727272727273,49.551358
AT Rayudu,2021,257,175,25.7,146.86,0.0,0.0,13,0,274.0,0,19.76923076923077,13.461538461538462,37.74302
AT Rayudu,2022,274,230,24.91,119.13,0.0,0.0,11,0,158.0,0,24.90909090909091,20.90909090909091,29.675283
AU Rashid,2021,0,0,0.0,0.0,11.67,0.0,1,0,22.0,0,0.0,0.0,0.0
Abdul Samad,2020,113,68,28.25,166.18,12.7,0.14,7,0,111.0,0,16.142857142857142,9.714285714285714,46.94585
Abdul Samad,2021,111,89,12.33,124.72,9.0,0.1,10,0,4.0,0,11.1,8.9,15.377976
Abdul Samad,2022,4,7,2.0,57.14,8.0,0.0,2,0,169.0,0,2.0,3.5,1.1428
Abdul Samad,2023,169,131,42.25,129.01,0.0,0.0,8,0,182.0,0,21.125,16.375,54.506724999999996
Abdul Samad,2024,182,113,18.2,161.06,0.0,0.0,12,0,164.0,0,15.166666666666666,9.416666666666666,29.31292
Abhishek Sharma,2018,63,35,63.0,180.0,0.0,0.0,3,0,9.0,0,21.0,11.666666666666666,113.4
Abhishek Sharma,2019,9,10,4.5,90.0,9.23,0.33,3,0,71.0,0,3.0,3.3333333333333335,4.05
Abhishek Sharma,2020,71,59,14.2,120.34,8.75,0.25,8,0,98.0,0,8.875,7.375,17.08828
Abhishek Sharma,2021,98,78,16.33,125.64,5.81,0.5,8,0,426.0,1,12.25,9.75,20.517012
Abhishek Sharma,2022,426,329,30.43,129.48,9.5,0.0,14,1,226.0,0,30.428571428571427,23.5,39.400763999999995
Abhishek Sharma,2023,226,166,20.55,136.14,9.68,0.18,11,0,484.0,1,20.545454545454547,15.090909090909092,27.97677
Abhishek Sharma,2024,484,248,32.27,195.16,7.29,0.12,16,1,439.0,1,30.25,15.5,62.978132
Abishek Porel,2023,33,31,8.25,106.45,0.0,0.0,4,0,327.0,1,8.25,7.75,8.782125
Abishek Porel,2024,327,213,32.7,153.52,0.0,0.0,12,1,301.0,1,27.25,17.75,50.20104000000001
Akash Deep,2022,0,2,0.0,0.0,10.03,1.0,5,0,17.0,0,0.0,0.4,0.0
Akash Deep,2023,17,8,17.0,212.5,10.18,0.5,2,0,2.0,0,8.5,4.0,36.125
Akash Deep,2024,2,2,2.0,100.0,13.83,1.0,1,0,6.0,0,2.0,2.0,2.0
Akash Madhwal,2023,0,0,0.0,0.0,7.95,1.88,8,0,4.0,0,0.0,0.0,0.0
Akash Madhwal,2024,4,5,4.0,80.0,9.83,1.0,5,0,4.0,0,0.8,1.0,3.2
Akash Singh,2021,0,0,0.0,0.0,9.75,0.0,1,0,0.0,0,0.0,0.0,0.0
Akash Singh,2023,0,0,0.0,0.0,9.49,0.83,6,0,0.0,0,0.0,0.0,0.0
Aman Hakim Khan,2022,5,3,5.0,166.67,13.0,0.0,1,0,110.0,0,5.0,3.0,8.333499999999999
Ankit Sharma,2016,3,3,3.0,100.0,6.69,0.33,3,0,25.0,0,1.0,1.0,3.0
Ankit Sharma,2017,25,16,25.0,156.25,16.0,0.0,1,0,0.0,0,25.0,16.0,39.0625
Anmolpreet Singh,2021,16,14,16.0,114.29,0.0,0.0,1,0,13.0,0,16.0,14.0,18.2864
Anmolpreet Singh,2022,13,13,6.5,100.0,0.0,0.0,2,0,105.0,0,6.5,6.5,6.5
Anmolpreet Singh,2023,105,83,26.25,126.51,0.0,0.0,4,0,5.0,0,26.25,20.75,33.208875000000006
Anuj Rawat,2021,0,1,0.0,0.0,0.0,0.0,1,0,129.0,0,0.0,1.0,0.0
Anuj Rawat,2022,129,123,16.12,104.88,0.0,0.0,8,0,91.0,0,16.125,15.375,16.906656
Anuj Rawat,2023,91,72,30.33,126.39,0.0,0.0,7,0,98.0,0,13.0,10.285714285714286,38.334087
Anureet Singh,2016,0,0,0.0,0.0,6.47,0.0,2,0,15.0,0,0.0,0.0,0.0
Anureet Singh,2017,15,12,15.0,125.0,13.0,0.0,1,0,3.0,0,15.0,12.0,18.75
Arjun Tendulkar,2023,13,9,13.0,144.44,7.32,0.75,4,0,0.0,0,3.25,2.25,18.7772
Arshad Khan,2023,18,15,9.0,120.0,10.89,0.83,6,0,78.0,0,3.0,2.5,10.8
Arshad Khan,2024,78,52,78.0,150.0,8.79,0.33,3,0,23.0,0,26.0,17.333333333333332,117.0
Arshdeep Singh,2019,0,0,0.0,0.0,9.6,1.0,3,0,0.0,0,0.0,0.0,0.0
Arshdeep Singh,2020,0,3,0.0,0.0,7.9,1.12,8,0,2.0,0,0.0,0.375,0.0
Arshdeep Singh,2021,2,3,2.0,66.67,7.46,1.5,12,0,21.0,0,0.16666666666666666,0.25,1.3334000000000001
Arshdeep Singh,2022,21,30,7.0,70.0,6.89,0.71,14,0,2.0,0,1.5,2.142857142857143,4.9
Arshdeep Singh,2023,2,2,2.0,100.0,8.78,1.21,14,0,4.0,0,0.14285714285714285,0.14285714285714285,2.0
Arshdeep Singh,2024,4,4,4.0,100.0,8.85,1.36,14,0,2.0,0,0.2857142857142857,0.2857142857142857,4.0
Ashutosh Sharma,2024,189,118,27.0,160.17,0.0,0.0,9,0,204.0,0,21.0,13.11111111111111,43.24589999999999
Atharva Taide,2023,186,136,31.0,136.76,0.0,0.0,7,0,61.0,0,26.571428571428573,19.428571428571427,42.395599999999995
Atharva Taide,2024,61,41,30.5,148.78,24.0,0.0,2,0,13.0,0,30.5,20.5,45.3779
Avesh Khan,2017,0,0,0.0,0.0,5.75,1.0,1,0,0.0,0,0.0,0.0,0.0
Avesh Khan,2018,0,0,0.0,0.0,10.31,0.67,6,0,4.0,0,0.0,0.0,0.0
Avesh Khan,2019,4,3,4.0,133.33,9.16,0.0,1,0,0.0,0,4.0,3.0,5.333200000000001
Avesh Khan,2020,0,0,0.0,0.0,9.84,0.0,1,0,5.0,0,0.0,0.0,0.0
Avesh Khan,2021,5,3,5.0,166.67,6.77,1.5,16,0,22.0,0,0.3125,0.1875,8.333499999999999
Avesh Khan,2022,22,13,22.0,169.23,7.96,1.46,13,0,0.0,0,1.6923076923076923,1.0,37.2306
Avesh Khan,2023,0,1,0.0,0.0,9.44,0.89,9,0,10.0,0,0.0,0.1111111111111111,0.0
Avesh Khan,2024,10,5,10.0,200.0,8.81,1.33,15,0,21.0,0,0.6666666666666666,0.3333333333333333,20.0
Azmatullah Omarzai,2024,42,34,10.5,123.53,8.29,0.57,7,0,57.0,0,6.0,4.857142857142857,12.970650000000001
B Kumar,2016,43,28,7.17,153.57,6.75,1.35,17,0,4.0,0,2.5294117647058822,1.6470588235294117,11.010969
B Kumar,2017,4,4,4.0,100.0,6.63,1.86,14,0,13.0,0,0.2857142857142857,0.2857142857142857,4.0
B Kumar,2018,13,18,6.5,72.22,7.24,0.75,12,0,12.0,0,1.0833333333333333,1.5,4.6943
B Kumar,2019,12,19,4.0,63.16,7.31,0.87,15,0,0.0,0,0.8,1.2666666666666666,2.5263999999999998
B Kumar,2020,0,2,0.0,0.0,6.55,0.75,4,0,34.0,0,0.0,0.5,0.0
B Kumar,2021,34,32,34.0,106.25,7.6,0.55,11,0,24.0,0,3.090909090909091,2.909090909090909,36.125
B Kumar,2022,24,28,8.0,85.71,6.51,0.86,14,0,42.0,0,1.7142857142857142,2.0,6.8568
B Kumar,2023,42,49,14.0,85.71,7.67,1.14,14,0,23.0,0,3.0,3.5,11.999399999999998
B Kumar,2024,23,30,7.67,76.67,8.71,0.69,16,0,14.0,0,1.4375,1.875,5.880589
B Sai Sudharsan,2022,145,118,36.25,122.88,0.0,0.0,5,0,362.0,1,29.0,23.6,44.544
B Sai Sudharsan,2023,362,264,51.71,137.12,0.0,0.0,8,1,527.0,1,45.25,33.0,70.904752
B Sai Sudharsan,2024,527,388,47.91,135.82,0.0,0.0,12,1,759.0,1,43.916666666666664,32.333333333333336,65.071362
B Stanlake,2017,0,0,0.0,0.0,8.16,1.0,2,0,5.0,0,0.0,0.0,0.0
BA Stokes,2017,316,227,31.6,139.21,6.68,1.0,12,1,196.0,0,26.333333333333332,18.916666666666668,43.99036
BA Stokes,2018,196,166,16.33,118.07,7.58,0.62,13,0,123.0,0,15.076923076923077,12.76923076923077,19.280830999999996
BA Stokes,2019,123,100,20.5,123.0,9.96,0.67,9,0,285.0,0,13.666666666666666,11.11111111111111,25.215
BA Stokes,2020,285,207,40.71,137.68,9.19,0.25,8,0,0.0,0,35.625,25.875,56.049528
BA Stokes,2021,0,3,0.0,0.0,12.0,0.0,1,0,15.0,0,0.0,3.0,0.0
BB McCullum,2016,354,273,22.12,129.67,0.0,0.0,16,1,320.0,1,22.125,17.0625,28.683003999999997
BB McCullum,2017,320,227,29.09,140.97,0.0,0.0,11,1,127.0,0,29.09090909090909,20.636363636363637,41.008173
BB Sran,2016,4,4,4.0,100.0,7.65,1.0,14,0,0.0,0,0.2857142857142857,0.2857142857142857,4.0
BB Sran,2017,0,0,0.0,0.0,12.92,0.0,1,0,3.0,0,0.0,0.0,0.0
BB Sran,2018,3,7,3.0,42.86,8.75,0.83,6,0,3.0,0,0.5,1.1666666666666667,1.2857999999999998
BCJ Cutting,2016,65,37,32.5,175.68,6.97,1.25,4,0,51.0,0,16.25,9.25,57.096000000000004
BCJ Cutting,2017,51,27,25.5,188.89,9.11,0.25,4,0,96.0,0,12.75,6.75,48.16695
BCJ Cutting,2018,96,59,24.0,162.71,9.43,0.22,9,0,18.0,0,10.666666666666666,6.555555555555555,39.050399999999996
Basil Thampi,2017,28,30,28.0,93.33,8.94,0.92,12,0,3.0,0,2.3333333333333335,2.5,26.132399999999997
Basil Thampi,2018,3,6,3.0,50.0,10.94,1.25,4,0,1.0,0,0.75,1.5,1.5
Basil Thampi,2019,1,1,1.0,100.0,8.96,0.0,3,0,0.0,0,0.3333333333333333,0.3333333333333333,1.0
Basil Thampi,2020,0,0,0.0,0.0,11.5,1.0,1,0,0.0,0,0.0,0.0,0.0
Bipul Sharma,2016,51,25,25.5,204.0,8.64,0.5,6,0,31.0,0,8.5,4.166666666666667,52.02
C Green,2023,452,287,50.22,157.49,8.61,0.44,16,1,255.0,0,28.25,17.9375,79.09147800000001
C Munro,2016,30,31,10.0,96.77,7.5,0.0,4,0,63.0,0,7.5,7.75,9.677
C Munro,2018,63,41,15.75,153.66,0.0,0.0,4,0,84.0,0,15.75,10.25,24.20145
C Sakariya,2021,16,25,3.2,64.0,7.24,1.0,14,0,0.0,0,1.1428571428571428,1.7857142857142858,2.048
C Sakariya,2022,0,0,0.0,0.0,6.59,1.0,3,0,4.0,0,0.0,0.0,0.0
C Sakariya,2023,4,6,4.0,66.67,8.95,1.5,2,0,0.0,0,2.0,3.0,2.6668000000000003
C de Grandhomme,2017,126,92,15.75,136.96,7.59,0.33,12,0,131.0,0,10.5,7.666666666666667,21.571200000000005
C de Grandhomme,2018,131,87,26.2,150.57,7.3,0.22,9,0,46.0,0,14.555555555555555,9.666666666666666,39.44934
CA Lynn,2016,25,23,25.0,108.7,0.0,0.0,2,0,295.0,0,12.5,11.5,27.175
CA Lynn,2017,295,175,49.17,168.57,0.0,0.0,7,0,491.0,1,42.142857142857146,25.0,82.885869
CA Lynn,2018,491,382,32.73,128.53,0.0,0.0,16,1,405.0,1,30.6875,23.875,42.067869
CA Lynn,2019,405,296,31.15,136.82,0.0,0.0,13,1,49.0,0,31.153846153846153,22.76923076923077,42.619429999999994
CH Gayle,2016,227,159,22.7,142.77,5.26,0.2,10,0,200.0,0,22.7,15.9,32.408789999999996
CH Gayle,2017,200,172,22.22,116.28,0.0,0.0,9,0,368.0,1,22.22222222222222,19.11111111111111,25.837415999999997
CH Gayle,2018,368,261,40.89,141.0,0.0,0.0,11,1,490.0,1,33.45454545454545,23.727272727272727,57.6549
CH Gayle,2019,490,338,40.83,144.97,0.0,0.0,13,1,295.0,0,37.69230769230769,26.0,59.191250999999994
CH Gayle,2020,295,225,42.14,131.11,6.0,0.0,7,0,193.0,0,42.142857142857146,32.142857142857146,55.249754
CH Morris,2016,195,114,65.0,171.05,6.44,1.08,12,0,154.0,0,16.25,9.5,111.1825
CH Morris,2017,154,97,30.8,158.76,7.52,1.33,9,0,46.0,0,17.11111111111111,10.777777777777779,48.89808
CH Morris,2018,46,26,46.0,176.92,9.66,0.75,4,0,32.0,0,11.5,6.5,81.3832
CH Morris,2019,32,38,5.33,84.21,8.68,1.44,9,0,34.0,0,3.5555555555555554,4.222222222222222,4.488392999999999
CH Morris,2020,34,21,8.5,161.9,5.76,1.22,9,0,67.0,0,3.7777777777777777,2.3333333333333335,13.761500000000002
CJ Anderson,2017,142,130,20.29,109.23,8.78,0.27,11,0,17.0,0,12.909090909090908,11.818181818181818,22.162767
CJ Jordan,2016,3,4,3.0,75.0,7.99,1.22,9,0,0.0,0,0.3333333333333333,0.4444444444444444,2.25
CJ Jordan,2017,0,1,0.0,0.0,6.86,1.0,1,0,0.0,0,0.0,1.0,0.0
CJ Jordan,2018,0,0,0.0,0.0,7.2,0.0,1,0,29.0,0,0.0,0.0,0.0
CJ Jordan,2020,29,33,9.67,87.88,8.57,1.0,9,0,32.0,0,3.2222222222222223,3.6666666666666665,8.497995999999999
CJ Jordan,2021,32,21,16.0,152.38,7.62,1.0,4,0,11.0,0,8.0,5.25,24.3808
CJ Jordan,2022,11,9,11.0,122.22,9.9,0.5,4,0,6.0,0,2.75,2.25,13.4442
CR Brathwaite,2016,83,40,13.83,207.5,7.59,0.88,8,0,12.0,0,10.375,5.0,28.69725
CR Brathwaite,2017,12,16,6.0,75.0,10.26,0.5,2,0,75.0,0,6.0,8.0,4.5
CR Brathwaite,2018,75,54,25.0,138.89,8.53,1.25,4,0,11.0,0,18.75,13.5,34.7225
CR Woakes,2017,46,47,11.5,97.87,8.03,1.31,13,0,17.0,0,3.5384615384615383,3.6153846153846154,11.25505
CR Woakes,2018,17,19,8.5,89.47,9.25,1.6,5,0,15.0,0,3.4,3.8,7.60495
CV Varun,2019,0,0,0.0,0.0,11.67,1.0,1,0,10.0,0,0.0,0.0,0.0
CV Varun,2020,10,16,5.0,62.5,6.81,1.31,13,0,2.0,0,0.7692307692307693,1.2307692307692308,3.125
CV Varun,2021,2,4,2.0,50.0,6.35,1.06,17,0,12.0,0,0.11764705882352941,0.23529411764705882,1.0
CV Varun,2022,12,18,12.0,66.67,7.86,0.55,11,0,1.0,0,1.0909090909090908,1.6363636363636365,8.000399999999999
CV Varun,2023,1,11,1.0,9.09,7.75,1.43,14,0,0.0,0,0.07142857142857142,0.7857142857142857,0.0909
CV Varun,2024,0,0,0.0,0.0,7.63,1.5,14,0,1.0,0,0.0,0.0,0.0
D Brevis,2022,161,116,23.0,138.79,16.0,0.14,7,0,69.0,0,23.0,16.571428571428573,31.921699999999998
D Brevis,2024,69,60,23.0,115.0,0.0,0.0,3,0,225.0,0,23.0,20.0,26.45
D Ferreira,2024,8,11,4.0,72.73,0.0,0.0,2,0,1.0,0,4.0,5.5,2.9092000000000002
D Padikkal,2020,473,398,31.53,118.84,0.0,0.0,15,1,411.0,1,31.533333333333335,26.533333333333335,37.470252
D Padikkal,2021,411,342,31.62,120.18,0.0,0.0,14,1,376.0,1,29.357142857142858,24.428571428571427,38.000916000000004
D Padikkal,2022,376,317,22.12,118.61,0.0,0.0,17,1,261.0,0,22.11764705882353,18.647058823529413,26.236532
D Padikkal,2023,261,206,26.1,126.7,0.0,0.0,11,0,38.0,0,23.727272727272727,18.727272727272727,33.06870000000001
D Padikkal,2024,38,60,5.43,63.33,0.0,0.0,7,0,247.0,0,5.428571428571429,8.571428571428571,3.4388189999999996
D Pretorius,2022,44,28,11.0,157.14,8.61,1.0,6,0,0.0,0,7.333333333333333,4.666666666666667,17.2854
D Wiese,2016,5,4,5.0,125.0,10.22,0.0,1,0,21.0,0,5.0,4.0,6.25
DA Miller,2016,161,139,16.1,115.83,0.0,0.0,13,0,83.0,0,12.384615384615385,10.692307692307692,18.64863
DA Miller,2017,83,82,27.67,101.22,0.0,0.0,4,0,74.0,0,20.75,20.5,28.007573999999998
DA Miller,2018,74,66,37.0,112.12,0.0,0.0,3,0,213.0,0,24.666666666666668,22.0,41.48440000000001
DA Miller,2019,213,174,26.62,122.41,0.0,0.0,10,0,124.0,0,21.3,17.4,32.585542000000004
DA Miller,2021,124,115,24.8,107.83,0.0,0.0,8,0,481.0,1,15.5,14.375,26.741840000000003
DA Miller,2022,481,348,68.71,138.22,0.0,0.0,16,1,259.0,0,30.0625,21.75,94.970962
DA Miller,2023,259,184,32.38,140.76,0.0,0.0,13,0,210.0,0,19.923076923076923,14.153846153846153,45.578088
DA Miller,2024,210,149,35.0,140.94,0.0,0.0,9,0,153.0,0,23.333333333333332,16.555555555555557,49.32899999999999
DA Warner,2016,848,579,60.57,146.46,0.0,0.0,17,1,641.0,1,49.88235294117647,34.05882352941177,88.71082200000001
DA Warner,2017,641,462,58.27,138.74,0.0,0.0,14,1,692.0,1,45.785714285714285,33.0,80.843798
DA Warner,2019,692,496,69.2,139.52,0.0,0.0,12,1,548.0,1,57.666666666666664,41.333333333333336,96.54784000000001
DA Warner,2020,548,423,36.53,129.55,3.0,0.0,16,1,197.0,0,34.25,26.4375,47.324615
DA Warner,2021,197,191,24.62,103.14,0.0,0.0,8,0,432.0,1,24.625,23.875,25.393068000000003
DA Warner,2022,432,301,48.0,143.52,0.0,0.0,12,1,516.0,1,36.0,25.083333333333332,68.88960000000002
DA Warner,2023,516,406,36.86,127.09,0.0,0.0,14,1,168.0,0,36.857142857142854,29.0,46.845374
DG Nalkande,2022,0,0,0.0,0.0,10.36,1.0,2,0,0.0,0,0.0,0.0,0.0
DG Nalkande,2023,0,1,0.0,0.0,10.32,1.0,1,0,12.0,0,0.0,1.0,0.0
DJ Bravo,2016,99,88,12.38,112.5,8.29,1.13,15,0,141.0,0,6.6,5.866666666666666,13.9275
DJ Bravo,2018,141,93,35.25,151.61,9.16,0.88,16,0,80.0,0,8.8125,5.8125,53.442525
DJ Bravo,2019,80,68,16.0,117.65,7.16,0.92,12,0,7.0,0,6.666666666666667,5.666666666666667,18.824
DJ Bravo,2020,7,6,3.5,116.67,7.6,1.0,6,0,47.0,0,1.1666666666666667,1.0,4.08345
DJ Bravo,2021,47,22,47.0,213.64,6.6,1.27,11,0,23.0,0,4.2727272727272725,2.0,100.4108
DJ Hooda,2016,144,125,10.29,115.2,7.05,0.19,16,0,78.0,0,9.0,7.8125,11.85408
DJ Hooda,2017,78,53,26.0,147.17,10.5,0.29,7,0,87.0,0,11.142857142857142,7.571428571428571,38.264199999999995
DJ Hooda,2018,87,86,21.75,101.16,7.26,0.0,8,0,64.0,0,10.875,10.75,22.0023
DJ Hooda,2019,64,68,10.67,94.12,9.23,0.14,7,0,102.0,0,9.142857142857142,9.714285714285714,10.042604
DJ Hooda,2020,102,74,102.0,137.84,9.0,0.0,5,0,160.0,0,20.4,14.8,140.5968
DJ Hooda,2021,160,125,16.0,128.0,8.5,0.17,12,0,451.0,1,13.333333333333334,10.416666666666666,20.48
DJ Hooda,2022,451,340,32.21,132.65,10.75,0.07,14,1,84.0,0,32.214285714285715,24.285714285714285,42.726565
DJ Hooda,2023,84,93,7.64,90.32,8.0,0.0,12,0,145.0,0,7.0,7.75,6.900447999999999
DJ Hooda,2024,145,107,18.12,135.51,6.63,0.0,9,0,31.0,0,16.11111111111111,11.88888888888889,24.554412
DJ Mitchell,2022,33,46,16.5,71.74,12.0,0.0,2,0,318.0,1,16.5,23.0,11.837099999999998
DJ Willey,2018,0,0,0.0,0.0,9.25,0.67,3,0,18.0,0,0.0,0.0,0.0
DJ Willey,2022,18,32,9.0,56.25,6.55,0.25,4,0,35.0,0,4.5,8.0,5.0625
DL Chahar,2016,0,0,0.0,0.0,6.91,0.0,2,0,14.0,0,0.0,0.0,0.0
DL Chahar,2017,14,6,14.0,233.33,9.82,0.33,3,0,50.0,0,4.666666666666667,2.0,32.6662
DL Chahar,2018,50,30,16.67,166.67,6.27,0.83,12,0,7.0,0,4.166666666666667,2.5,27.783889
DL Chahar,2019,7,10,3.5,70.0,7.04,1.29,17,0,7.0,0,0.4117647058823529,0.5882352941176471,2.45
DL Chahar,2020,7,12,7.0,58.33,7.23,0.86,14,0,1.0,0,0.5,0.8571428571428571,4.0831
DL Chahar,2021,1,1,1.0,100.0,7.72,0.93,15,0,1.0,0,0.06666666666666667,0.06666666666666667,1.0
DL Chahar,2023,1,2,1.0,50.0,7.98,1.3,10,0,0.0,0,0.1,0.2,0.5
DL Chahar,2024,0,0,0.0,0.0,8.1,0.62,8,0,37.0,0,0.0,0.0,0.0
DP Conway,2022,252,176,42.0,143.18,0.0,0.0,7,0,672.0,1,36.0,25.142857142857142,60.135600000000004
DP Conway,2023,672,493,51.69,136.31,0.0,0.0,15,1,156.0,0,44.8,32.86666666666667,70.45863899999999
DR Sams,2020,0,2,0.0,0.0,8.49,0.0,3,0,6.0,0,0.0,0.6666666666666666,0.0
DR Sams,2021,6,6,6.0,100.0,5.84,0.5,2,0,38.0,0,3.0,3.0,6.0
DR Shorey,2018,8,9,8.0,88.89,0.0,0.0,1,0,5.0,0,8.0,9.0,7.1112
DR Smith,2016,324,226,29.45,143.36,7.86,0.67,12,1,239.0,0,27.0,18.833333333333332,42.21952
DS Kulkarni,2016,27,16,13.5,168.75,7.29,1.29,14,0,1.0,0,1.9285714285714286,1.1428571428571428,22.78125
DS Kulkarni,2017,1,2,1.0,50.0,8.54,0.5,6,0,6.0,0,0.16666666666666666,0.3333333333333333,0.5
DS Kulkarni,2018,6,7,6.0,85.71,8.62,0.5,8,0,5.0,0,0.75,0.875,5.1426
DS Kulkarni,2019,5,3,5.0,166.67,8.93,0.6,10,0,3.0,0,0.5,0.3,8.333499999999999
DS Kulkarni,2020,3,2,3.0,150.0,6.0,0.0,1,0,0.0,0,3.0,2.0,4.5
DT Christian,2017,79,52,15.8,151.92,6.96,0.85,13,0,26.0,0,6.076923076923077,4.0,24.003359999999997
DT Christian,2018,26,33,13.0,78.79,8.54,1.0,4,0,14.0,0,6.5,8.25,10.2427
DW Steyn,2016,1,2,1.0,50.0,7.38,0.0,1,0,0.0,0,1.0,2.0,0.5
DW Steyn,2019,0,0,0.0,0.0,8.62,2.0,2,0,1.0,0,0.0,0.0,0.0
Dhruv Jurel,2023,152,93,21.71,163.44,0.0,0.0,11,0,195.0,0,13.818181818181818,8.454545454545455,35.482824
Dhruv Jurel,2024,195,144,24.38,135.42,0.0,0.0,11,0,333.0,1,17.727272727272727,13.090909090909092,33.015395999999996
E Lewis,2018,382,290,29.38,131.72,0.0,0.0,13,1,48.0,0,29.384615384615383,22.307692307692307,38.699335999999995
E Lewis,2019,48,53,16.0,90.57,0.0,0.0,3,0,151.0,0,16.0,17.666666666666668,14.4912
E Lewis,2021,151,96,30.2,157.29,0.0,0.0,5,0,73.0,0,30.2,19.2,47.50158
EJG Morgan,2016,123,105,24.6,117.14,0.0,0.0,6,0,65.0,0,20.5,17.5,28.816440000000004
EJG Morgan,2017,65,62,16.25,104.84,0.0,0.0,4,0,419.0,1,16.25,15.5,17.0365
EJG Morgan,2020,419,314,41.9,133.44,0.0,0.0,14,1,133.0,0,29.928571428571427,22.428571428571427,55.911359999999995
F du Plessis,2016,206,169,34.33,121.89,0.0,0.0,6,0,8.0,0,34.333333333333336,28.166666666666668,41.844837
F du Plessis,2017,8,7,8.0,114.29,0.0,0.0,1,0,162.0,0,8.0,7.0,9.1432
F du Plessis,2018,162,130,32.4,124.62,0.0,0.0,6,0,396.0,1,27.0,21.666666666666668,40.37688
F du Plessis,2019,396,326,36.0,121.47,0.0,0.0,12,1,449.0,1,33.0,27.166666666666668,43.7292
F du Plessis,2020,449,329,40.82,136.47,0.0,0.0,13,1,633.0,1,34.53846153846154,25.307692307692307,55.707054
F du Plessis,2021,633,471,45.21,134.39,0.0,0.0,16,1,468.0,1,39.5625,29.4375,60.757718999999994
F du Plessis,2022,468,377,31.2,124.14,0.0,0.0,16,1,730.0,1,29.25,23.5625,38.731680000000004
F du Plessis,2023,730,483,56.15,151.14,0.0,0.0,14,1,438.0,1,52.142857142857146,34.5,84.86510999999999
F du Plessis,2024,438,276,29.2,158.7,0.0,0.0,15,1,202.0,0,29.2,18.4,46.3404
FA Allen,2021,6,12,6.0,50.0,7.97,0.25,4,0,8.0,0,1.5,3.0,3.0
Fazalhaq Farooqi,2022,2,8,2.0,25.0,8.37,0.67,3,0,1.0,0,0.6666666666666666,2.6666666666666665,0.5
Fazalhaq Farooqi,2023,1,5,1.0,20.0,7.74,1.0,4,0,2.0,0,0.25,1.25,0.2
G Coetzee,2024,14,22,3.5,63.64,8.83,1.3,10,0,17.0,0,1.4,2.2,2.2274000000000003
G Gambhir,2016,501,424,38.54,118.16,0.0,0.0,15,1,498.0,1,33.4,28.266666666666666,45.538864
G Gambhir,2017,498,405,41.5,122.96,0.0,0.0,16,1,85.0,0,31.125,25.3125,51.028400000000005
GD Phillips,2021,26,33,13.0,78.79,8.77,0.33,3,0,39.0,0,8.666666666666666,11.0,10.2427
GJ Maxwell,2016,179,129,19.89,138.76,8.51,0.0,11,0,310.0,1,16.272727272727273,11.727272727272727,27.599364
GJ Maxwell,2017,310,186,31.0,166.67,6.47,0.5,14,1,169.0,0,22.142857142857142,13.285714285714286,51.667699999999996
GJ Maxwell,2018,169,122,14.08,138.52,7.96,0.42,12,0,108.0,0,14.083333333333334,10.166666666666666,19.503616
GJ Maxwell,2020,108,112,15.43,96.43,8.05,0.23,13,0,513.0,1,8.307692307692308,8.615384615384615,14.879149
GJ Maxwell,2021,513,373,42.75,137.53,8.0,0.21,14,1,301.0,1,36.642857142857146,26.642857142857142,58.794075
GJ Maxwell,2022,301,184,27.36,163.59,6.7,0.46,13,1,400.0,1,23.153846153846153,14.153846153846153,44.758224
GJ Maxwell,2023,400,225,33.33,177.78,8.62,0.21,14,1,52.0,0,28.571428571428573,16.071428571428573,59.254074
GJ Maxwell,2024,52,46,5.78,113.04,7.53,0.6,10,0,48.0,0,5.2,4.6,6.533712
Gurkeerat Singh,2016,113,87,22.6,129.89,6.69,0.33,6,0,98.0,0,18.833333333333332,14.5,29.355139999999995
Gurkeerat Singh,2019,98,73,32.67,134.25,0.0,0.0,3,0,71.0,0,32.666666666666664,24.333333333333332,43.859475
H Klaasen,2018,57,48,19.0,118.75,0.0,0.0,4,0,9.0,0,14.25,12.0,22.5625
H Klaasen,2019,9,10,4.5,90.0,0.0,0.0,2,0,448.0,1,4.5,5.0,4.05
H Klaasen,2023,448,262,49.78,170.99,0.0,0.0,11,1,479.0,1,40.72727272727273,23.818181818181817,85.118822
H Klaasen,2024,479,293,39.92,163.48,0.0,0.0,15,1,487.0,1,31.933333333333334,19.533333333333335,65.26121599999999
H Sharma,2023,0,0,0.0,0.0,9.33,0.0,1,0,0.0,0,0.0,0.0,0.0
HH Pandya,2016,44,66,6.29,66.67,8.32,0.27,11,0,250.0,0,4.0,6.0,4.193543
HH Pandya,2017,250,172,35.71,145.35,7.67,0.35,17,0,260.0,0,14.705882352941176,10.117647058823529,51.904484999999994
HH Pandya,2018,260,205,28.89,126.83,8.16,1.38,13,0,409.0,1,20.0,15.76923076923077,36.641187
HH Pandya,2019,409,225,45.44,181.78,8.39,0.88,16,1,283.0,0,25.5625,14.0625,82.600832
HH Pandya,2020,283,167,40.43,169.46,0.0,0.0,13,0,127.0,0,21.76923076923077,12.846153846153847,68.51267800000001
HH Pandya,2021,127,116,14.11,109.48,0.0,0.0,11,0,487.0,1,11.545454545454545,10.545454545454545,15.447628
HH Pandya,2022,487,387,44.27,125.84,6.86,0.53,15,1,346.0,1,32.46666666666667,25.8,55.709368000000005
HH Pandya,2023,346,254,31.45,136.22,8.54,0.2,15,1,216.0,0,23.066666666666666,16.933333333333334,42.84119
HH Pandya,2024,216,154,18.0,140.26,10.01,0.79,14,0,224.0,0,15.428571428571429,11.0,25.246799999999997
HM Amla,2016,157,122,26.17,128.69,0.0,0.0,6,0,420.0,1,26.166666666666668,20.333333333333332,33.678173
HR Shokeen,2022,43,48,21.5,89.58,7.85,0.4,5,0,23.0,0,8.6,9.6,19.2597
HV Patel,2016,0,0,0.0,0.0,9.4,0.2,5,0,0.0,0,0.0,0.0,0.0
HV Patel,2017,0,0,0.0,0.0,10.08,3.0,1,0,60.0,0,0.0,0.0,0.0
HV Patel,2018,60,33,60.0,181.82,8.81,1.4,5,0,0.0,0,12.0,6.6,109.09199999999998
HV Patel,2019,0,3,0.0,0.0,7.96,1.0,2,0,21.0,0,0.0,1.5,0.0
HV Patel,2020,21,25,10.5,84.0,7.65,0.6,5,0,59.0,0,4.2,5.0,8.82
HV Patel,2021,59,48,14.75,122.92,7.25,2.13,15,0,43.0,0,3.933333333333333,3.2,18.1307
HV Patel,2022,43,42,10.75,102.38,6.83,1.27,15,0,6.0,0,2.8666666666666667,2.8,11.00585
HV Patel,2023,6,6,3.0,100.0,8.58,1.08,13,0,13.0,0,0.46153846153846156,0.46153846153846156,3.0
HV Patel,2024,13,19,4.33,68.42,8.52,1.71,14,0,21.0,0,0.9285714285714286,1.3571428571428572,2.962586
Harbhajan Singh,2016,92,91,30.67,101.1,7.72,0.64,14,0,16.0,0,6.571428571428571,6.5,31.00737
Harbhajan Singh,2017,16,17,8.0,94.12,6.44,0.73,11,0,29.0,0,1.4545454545454546,1.5454545454545454,7.5296
Harbhajan Singh,2018,29,38,9.67,76.32,8.33,0.54,13,0,1.0,0,2.230769230769231,2.923076923076923,7.380143999999999
Harbhajan Singh,2019,1,3,1.0,33.33,6.8,1.45,11,0,4.0,0,0.09090909090909091,0.2727272727272727,0.3333
Harpreet Brar,2019,20,14,20.0,142.86,9.6,0.0,2,0,0.0,0,10.0,7.0,28.572000000000003
Harpreet Brar,2020,0,0,0.0,0.0,9.6,0.0,1,0,64.0,0,0.0,0.0,0.0
Harpreet Brar,2021,64,61,64.0,104.92,5.7,0.71,7,0,22.0,0,9.142857142857142,8.714285714285714,67.1488
Harpreet Brar,2022,22,25,7.33,88.0,8.46,0.8,5,0,52.0,0,4.4,5.0,6.450399999999999
Harpreet Brar,2023,52,42,8.67,123.81,7.77,0.82,11,0,75.0,0,4.7272727272727275,3.8181818181818183,10.734327
Harpreet Brar,2024,75,59,37.5,127.12,7.75,0.54,13,0,11.0,0,5.769230769230769,4.538461538461538,47.67
Harpreet Singh,2023,76,59,25.33,128.81,0.0,0.0,3,0,27.0,0,25.333333333333332,19.666666666666668,32.627573
Harshit Rana,2022,2,2,2.0,100.0,9.68,0.5,2,0,0.0,0,1.0,1.0,2.0
Harshit Rana,2023,0,1,0.0,0.0,7.83,0.83,6,0,0.0,0,0.0,0.16666666666666666,0.0
Harshit Rana,2024,0,0,0.0,0.0,8.45,1.73,11,0,57.0,0,0.0,0.0,0.0
I Sharma,2016,0,0,0.0,0.0,8.35,0.75,4,0,8.0,0,0.0,0.0,0.0
I Sharma,2017,8,13,4.0,61.54,9.05,0.0,6,0,10.0,0,1.3333333333333333,2.1666666666666665,2.4616
I Sharma,2019,10,3,10.0,333.33,7.09,1.0,13,0,0.0,0,0.7692307692307693,0.23076923076923078,33.333
I Sharma,2020,0,0,0.0,0.0,7.2,0.0,1,0,0.0,0,0.0,0.0,0.0
I Sharma,2021,0,0,0.0,0.0,8.08,0.33,3,0,1.0,0,0.0,0.0,0.0
I Sharma,2023,1,1,1.0,100.0,7.53,1.25,8,0,1.0,0,0.125,0.125,1.0
I Sharma,2024,1,8,1.0,12.5,7.95,1.11,9,0,0.0,0,0.1111111111111111,0.8888888888888888,0.125
IK Pathan,2016,11,14,3.67,78.57,7.62,0.0,4,0,2.0,0,2.75,3.5,2.8835189999999993
IS Sodhi,2018,1,6,1.0,16.67,5.87,0.83,6,0,6.0,0,0.16666666666666666,1.0,0.16670000000000001
Imran Tahir,2016,5,7,5.0,71.43,8.47,1.25,4,0,0.0,0,1.25,1.75,3.5715000000000003
Imran Tahir,2017,0,2,0.0,0.0,7.64,1.5,12,0,2.0,0,0.0,0.16666666666666666,0.0
Imran Tahir,2018,2,2,2.0,100.0,8.86,1.0,6,0,0.0,0,0.3333333333333333,0.3333333333333333,2.0
Imran Tahir,2019,0,0,0.0,0.0,6.59,1.53,17,0,13.0,0,0.0,0.0,0.0
Imran Tahir,2020,13,10,13.0,130.0,6.91,0.33,3,0,0.0,0,4.333333333333333,3.3333333333333335,16.9
Iqbal Abdulla,2016,37,27,37.0,137.04,8.05,0.75,8,0,5.0,0,4.625,3.375,50.7048
Ishan Kishan,2016,42,41,8.4,102.44,0.0,0.0,5,0,277.0,0,8.4,8.2,8.60496
Ishan Kishan,2017,277,214,27.7,129.44,0.0,0.0,10,0,275.0,0,27.7,21.4,35.85488
Ishan Kishan,2018,275,187,22.92,147.06,0.0,0.0,12,0,101.0,0,22.916666666666668,15.583333333333334,33.706152
Ishan Kishan,2019,101,104,16.83,97.12,0.0,0.0,6,0,516.0,1,16.833333333333332,17.333333333333332,16.345295999999998
Ishan Kishan,2020,516,361,57.33,142.94,0.0,0.0,13,1,241.0,0,39.69230769230769,27.76923076923077,81.947502
Ishan Kishan,2021,241,182,26.78,132.42,0.0,0.0,10,0,418.0,1,24.1,18.2,35.462075999999996
Ishan Kishan,2022,418,355,32.15,117.75,0.0,0.0,14,1,454.0,1,29.857142857142858,25.357142857142858,37.856625
Ishan Kishan,2023,454,325,30.27,139.69,0.0,0.0,15,1,320.0,1,30.266666666666666,21.666666666666668,42.284163
Ishan Kishan,2024,320,222,22.86,144.14,0.0,0.0,14,1,354.0,1,22.857142857142858,15.857142857142858,32.95040399999999
J Fraser-McGurk,2024,330,150,36.67,220.0,0.0,0.0,9,1,55.0,0,36.666666666666664,16.666666666666668,80.674
J Little,2023,0,0,0.0,0.0,8.16,0.7,10,0,0.0,0,0.0,0.0,0.0
J Suchith,2016,0,0,0.0,0.0,12.43,0.0,1,0,6.0,0,0.0,0.0,0.0
J Suchith,2019,6,15,6.0,40.0,7.0,2.0,1,0,14.0,0,6.0,15.0,2.4
J Suchith,2021,14,6,14.0,233.33,9.43,0.0,2,0,2.0,0,7.0,3.0,32.6662
J Yadav,2016,6,12,3.0,50.0,7.1,0.4,5,0,0.0,0,1.2,2.4,1.5
J Yadav,2017,0,0,0.0,0.0,6.65,0.0,2,0,0.0,0,0.0,0.0,0.0
J Yadav,2019,0,0,0.0,0.0,6.84,0.5,2,0,0.0,0,0.0,0.0,0.0
J Yadav,2020,0,0,0.0,0.0,6.14,0.5,2,0,34.0,0,0.0,0.0,0.0
J Yadav,2021,34,26,17.0,130.77,7.13,0.4,5,0,0.0,0,6.8,5.2,22.230900000000002
JA Richardson,2021,15,25,7.5,60.0,9.91,1.0,3,0,2.0,0,5.0,8.333333333333334,4.5
JC Archer,2018,15,21,3.0,71.43,7.45,1.5,10,0,67.0,0,1.5,2.1,2.1429
JC Archer,2019,67,41,33.5,163.41,6.48,1.0,11,0,113.0,0,6.090909090909091,3.727272727272727,54.742349999999995
JC Archer,2020,113,66,18.83,171.21,6.16,1.43,14,0,4.0,0,8.071428571428571,4.714285714285714,32.238842999999996
JC Archer,2023,4,4,4.0,100.0,8.23,0.4,5,0,63.0,0,0.8,0.8,4.0
JC Buttler,2016,255,189,23.18,134.92,0.0,0.0,14,0,273.0,0,18.214285714285715,13.5,31.274455999999997
JC Buttler,2017,273,186,30.33,146.77,0.0,0.0,10,0,548.0,1,27.3,18.6,44.515341
JC Buttler,2018,548,365,54.8,150.14,0.0,0.0,13,1,311.0,1,42.15384615384615,28.076923076923077,82.27671999999998
JC Buttler,2019,311,213,38.88,146.01,0.0,0.0,8,1,328.0,1,38.875,26.625,56.768688000000004
JC Buttler,2020,328,233,32.8,140.77,0.0,0.0,12,1,254.0,0,27.333333333333332,19.416666666666668,46.172560000000004
JC Buttler,2021,254,173,36.29,146.82,0.0,0.0,7,0,863.0,1,36.285714285714285,24.714285714285715,53.280978
JC Buttler,2022,863,596,57.53,144.8,0.0,0.0,17,1,392.0,1,50.76470588235294,35.05882352941177,83.30344000000001
JC Buttler,2023,392,298,28.0,131.54,0.0,0.0,14,1,359.0,1,28.0,21.285714285714285,36.831199999999995
JC Buttler,2024,359,266,39.89,134.96,0.0,0.0,11,1,538.0,1,32.63636363636363,24.181818181818183,53.835544
JD Unadkat,2016,0,0,0.0,0.0,15.16,0.0,1,0,2.0,0,0.0,0.0,0.0
JD Unadkat,2017,2,5,2.0,40.0,6.84,2.0,12,0,49.0,0,0.16666666666666666,0.4166666666666667,0.8
JD Unadkat,2018,49,38,12.25,128.95,9.25,0.73,15,0,1.0,0,3.2666666666666666,2.533333333333333,15.796374999999998
JD Unadkat,2019,1,3,1.0,33.33,9.81,0.91,11,0,9.0,0,0.09090909090909091,0.2727272727272727,0.3333
JD Unadkat,2020,9,13,9.0,69.23,9.17,0.57,7,0,41.0,0,1.2857142857142858,1.8571428571428572,6.230700000000001
JD Unadkat,2021,41,32,20.5,128.12,7.43,0.67,6,0,59.0,0,6.833333333333333,5.333333333333333,26.2646
JD Unadkat,2022,59,37,19.67,159.46,9.07,1.2,5,0,9.0,0,11.8,7.4,31.365782000000003
JD Unadkat,2023,9,7,9.0,128.57,9.69,0.0,3,0,24.0,0,3.0,2.3333333333333335,11.571299999999999
JD Unadkat,2024,24,27,8.0,88.89,9.18,0.73,11,0,0.0,0,2.1818181818181817,2.4545454545454546,7.1112
JDS Neesham,2020,19,18,9.5,105.56,9.35,0.4,5,0,0.0,0,3.8,3.6,10.0282
JDS Neesham,2021,0,2,0.0,0.0,7.33,1.67,3,0,31.0,0,0.0,0.6666666666666666,0.0
JJ Bumrah,2016,8,11,8.0,72.73,7.38,1.07,14,0,16.0,0,0.5714285714285714,0.7857142857142857,5.8184000000000005
JJ Bumrah,2017,16,12,16.0,133.33,6.95,1.25,16,0,10.0,0,1.0,0.75,21.332800000000002
JJ Bumrah,2018,10,11,10.0,90.91,6.47,1.21,14,0,0.0,0,0.7142857142857143,0.7857142857142857,9.091
JJ Bumrah,2019,0,1,0.0,0.0,6.41,1.25,16,0,5.0,0,0.0,0.0625,0.0
JJ Bumrah,2020,5,3,5.0,166.67,6.38,1.93,15,0,16.0,0,0.3333333333333333,0.2,8.333499999999999
JJ Bumrah,2021,16,17,8.0,94.12,6.64,1.5,14,0,0.0,0,1.1428571428571428,1.2142857142857142,7.5296
JJ Bumrah,2022,0,9,0.0,0.0,6.9,1.07,14,0,12.0,0,0.0,0.6428571428571429,0.0
JJ Bumrah,2024,12,12,12.0,100.0,5.76,1.54,13,0,0.0,0,0.9230769230769231,0.9230769230769231,12.0
JJ Roy,2017,59,41,29.5,143.9,0.0,0.0,3,0,120.0,0,19.666666666666668,13.666666666666666,42.450500000000005
JJ Roy,2018,120,98,30.0,122.45,0.0,0.0,5,0,150.0,0,24.0,19.6,36.735
JJ Roy,2021,150,125,30.0,120.0,0.0,0.0,5,0,285.0,0,30.0,25.0,36.0
JM Bairstow,2019,445,292,55.62,152.4,0.0,0.0,10,1,345.0,1,44.5,29.2,84.76487999999999
JM Bairstow,2020,345,284,31.36,121.48,0.0,0.0,11,1,248.0,0,31.363636363636363,25.818181818181817,38.096128
JM Bairstow,2021,248,179,41.33,138.55,0.0,0.0,7,0,253.0,0,35.42857142857143,25.571428571428573,57.262715
JM Bairstow,2022,253,180,23.0,140.56,0.0,0.0,11,0,298.0,0,23.0,16.363636363636363,32.3288
JM Bairstow,2024,298,197,29.8,151.27,0.0,0.0,11,0,85.0,0,27.09090909090909,17.90909090909091,45.07846000000001
JM Sharma,2022,234,149,29.25,157.05,0.0,0.0,10,0,309.0,1,23.4,14.9,45.93712500000001
JM Sharma,2023,309,205,23.77,150.73,0.0,0.0,14,1,187.0,0,22.071428571428573,14.642857142857142,35.828520999999995
JM Sharma,2024,187,147,17.0,127.21,0.0,0.0,12,0,261.0,0,15.583333333333334,12.25,21.6257
JO Holder,2016,22,20,5.5,110.0,7.08,0.5,4,0,66.0,0,5.5,5.0,6.05
JO Holder,2020,66,54,33.0,122.22,7.67,2.0,7,0,85.0,0,9.428571428571429,7.714285714285714,40.3326
JO Holder,2021,85,73,14.17,116.44,6.83,2.0,8,0,58.0,0,10.625,9.125,16.499548
JO Holder,2022,58,46,9.67,126.09,8.44,1.17,12,0,12.0,0,4.833333333333333,3.8333333333333335,12.192903000000001
JP Behrendorff,2019,0,0,0.0,0.0,8.31,1.0,5,0,6.0,0,0.0,0.0,0.0
JP Duminy,2016,191,157,38.2,121.66,7.53,0.22,9,0,36.0,0,21.22222222222222,17.444444444444443,46.47412
JP Faulkner,2016,77,60,25.67,128.33,8.89,0.29,7,0,54.0,0,11.0,8.571428571428571,32.942311000000004
JR Hazlewood,2020,0,0,0.0,0.0,6.2,0.33,3,0,0.0,0,0.0,0.0,0.0
JR Hazlewood,2021,0,0,0.0,0.0,8.04,1.22,9,0,18.0,0,0.0,0.0,0.0
JR Hazlewood,2022,18,27,18.0,66.67,7.62,1.67,12,0,1.0,0,1.5,2.25,12.000599999999999
JR Hazlewood,2023,1,2,1.0,50.0,7.68,1.0,3,0,0.0,0,0.3333333333333333,0.6666666666666666,0.5
K Gowtham,2018,126,67,14.0,188.06,7.57,0.73,15,0,18.0,0,8.4,4.466666666666667,26.328400000000002
K Gowtham,2019,18,19,6.0,94.74,8.07,0.14,7,0,42.0,0,2.5714285714285716,2.7142857142857144,5.684399999999999
K Gowtham,2020,42,27,42.0,155.56,10.5,0.5,2,0,0.0,0,21.0,13.5,65.3352
K Gowtham,2022,0,2,0.0,0.0,8.25,1.25,4,0,61.0,0,0.0,0.5,0.0
K Gowtham,2023,61,44,15.25,138.64,6.84,0.43,7,0,0.0,0,8.714285714285714,6.285714285714286,21.142599999999998
K Kartikeya,2022,3,6,3.0,50.0,7.85,1.25,4,0,6.0,0,0.75,1.5,1.5
K Kartikeya,2023,6,7,6.0,85.71,8.06,0.62,8,0,3.0,0,0.75,0.875,5.1426
K Khejroliya,2018,0,0,0.0,0.0,8.74,0.67,3,0,0.0,0,0.0,0.0,0.0
K Khejroliya,2019,0,0,0.0,0.0,8.71,0.5,2,0,0.0,0,0.0,0.0,0.0
K Khejroliya,2023,0,0,0.0,0.0,13.29,1.0,2,0,0.0,0,0.0,0.0,0.0
K Rabada,2017,55,68,18.33,80.88,7.62,1.0,6,0,14.0,0,9.166666666666666,11.333333333333334,14.825304
K Rabada,2019,14,15,4.67,93.33,7.31,2.17,12,0,56.0,0,1.1666666666666667,1.25,4.358511
K Rabada,2020,56,52,18.67,107.69,7.71,1.88,17,0,13.0,0,3.2941176470588234,3.0588235294117645,20.105723
K Rabada,2021,13,6,13.0,216.67,7.73,1.0,15,0,48.0,0,0.8666666666666667,0.4,28.1671
K Rabada,2022,48,47,9.6,102.13,7.64,1.77,13,0,0.0,0,3.6923076923076925,3.6153846153846154,9.804479999999998
K Rabada,2023,0,2,0.0,0.0,9.1,1.17,6,0,20.0,0,0.0,0.3333333333333333,0.0
K Rabada,2024,20,17,20.0,117.65,8.29,1.0,11,0,9.0,0,1.8181818181818181,1.5454545454545454,23.53
K Yadav,2021,0,4,0.0,0.0,8.0,0.0,1,0,0.0,0,0.0,4.0,0.0
KA Jamieson,2021,65,55,16.25,118.18,8.65,1.0,9,0,0.0,0,7.222222222222222,6.111111111111111,19.204250000000002
KA Pollard,2016,207,156,25.88,132.69,12.97,0.0,12,0,395.0,1,17.25,13.0,34.340171999999995
KA Pollard,2017,395,294,32.92,134.35,14.5,0.0,16,1,133.0,0,24.6875,18.375,44.228019999999994
KA Pollard,2018,133,104,19.0,127.88,0.0,0.0,8,0,281.0,0,16.625,13.0,24.297199999999997
KA Pollard,2019,281,186,35.12,151.08,0.0,0.0,12,0,281.0,0,23.416666666666668,15.5,53.059296
KA Pollard,2020,281,157,46.83,178.98,7.74,0.29,14,0,245.0,0,20.071428571428573,11.214285714285714,83.81633399999998
KA Pollard,2021,245,180,30.62,136.11,6.28,0.36,14,0,144.0,0,17.5,12.857142857142858,41.676882000000006
KC Cariappa,2016,13,11,13.0,118.18,8.91,0.6,5,0,2.0,0,2.6,2.2,15.363400000000002
KC Cariappa,2017,2,7,1.0,28.57,7.85,1.0,4,0,9.0,0,0.5,1.75,0.2857
KD Karthik,2016,335,273,25.77,122.71,0.0,0.0,15,1,361.0,1,22.333333333333332,18.2,31.622367
KD Karthik,2017,361,268,36.1,134.7,0.0,0.0,13,1,498.0,1,27.76923076923077,20.615384615384617,48.6267
KD Karthik,2018,498,349,49.8,142.69,0.0,0.0,16,1,254.0,0,31.125,21.8125,71.05962
KD Karthik,2019,254,180,31.75,141.11,0.0,0.0,12,0,169.0,0,21.166666666666668,15.0,44.802425
KD Karthik,2020,169,137,14.08,123.36,0.0,0.0,14,0,223.0,0,12.071428571428571,9.785714285714286,17.369087999999998
KD Karthik,2021,223,172,22.3,129.65,0.0,0.0,15,0,330.0,1,14.866666666666667,11.466666666666667,28.91195
KD Karthik,2022,330,188,55.0,175.53,0.0,0.0,16,1,140.0,0,20.625,11.75,96.5415
KD Karthik,2023,140,106,11.67,132.08,0.0,0.0,13,0,326.0,1,10.76923076923077,8.153846153846153,15.413736000000002
KH Pandya,2016,237,127,39.5,186.61,6.96,0.5,12,0,243.0,0,19.75,10.583333333333334,73.71095
KH Pandya,2017,243,186,30.38,130.65,6.51,0.77,13,0,228.0,0,18.692307692307693,14.307692307692308,39.69147
KH Pandya,2018,228,164,22.8,139.02,6.8,0.86,14,0,183.0,0,16.285714285714285,11.714285714285714,31.696560000000005
KH Pandya,2019,183,158,16.64,115.82,7.0,0.75,16,0,109.0,0,11.4375,9.875,19.272448
KH Pandya,2020,109,92,18.17,118.48,6.86,0.38,16,0,143.0,0,6.8125,5.75,21.527816
KH Pandya,2021,143,126,14.3,113.49,7.14,0.38,13,0,183.0,0,11.0,9.692307692307692,16.22907
KH Pandya,2022,183,150,20.33,122.0,6.75,0.71,14,0,188.0,0,13.071428571428571,10.714285714285714,24.802599999999998
KH Pandya,2023,188,172,18.8,109.3,7.4,0.6,15,0,133.0,0,12.533333333333333,11.466666666666667,20.5484
KH Pandya,2024,133,112,33.25,118.75,7.02,0.43,14,0,109.0,0,9.5,8.0,39.484375
KK Ahmed,2018,0,0,0.0,0.0,11.68,0.0,1,0,0.0,0,0.0,0.0,0.0
KK Ahmed,2019,0,1,0.0,0.0,7.41,2.22,9,0,0.0,0,0.0,0.1111111111111111,0.0
KK Ahmed,2020,0,2,0.0,0.0,9.04,1.14,7,0,1.0,0,0.0,0.2857142857142857,0.0
KK Ahmed,2021,1,2,1.0,50.0,7.61,0.71,7,0,0.0,0,0.14285714285714285,0.2857142857142857,0.5
KK Ahmed,2022,0,2,0.0,0.0,7.64,1.6,10,0,0.0,0,0.0,0.2,0.0
KK Ahmed,2023,0,0,0.0,0.0,8.07,1.0,9,0,0.0,0,0.0,0.0,0.0
KK Ahmed,2024,0,0,0.0,0.0,8.39,1.21,14,0,1.0,0,0.0,0.0,0.0
KK Nair,2016,357,304,35.7,117.43,0.0,0.0,12,1,281.0,0,29.75,25.333333333333332,41.92251
KK Nair,2017,281,229,21.62,122.71,0.0,0.0,13,0,301.0,1,21.615384615384617,17.615384615384617,26.529902000000003
KK Nair,2018,301,225,25.08,133.78,0.0,0.0,12,1,5.0,0,25.083333333333332,18.75,33.552023999999996
KK Nair,2019,5,6,5.0,83.33,0.0,0.0,1,0,16.0,0,5.0,6.0,4.1665
KK Nair,2020,16,14,8.0,114.29,0.0,0.0,3,0,16.0,0,5.333333333333333,4.666666666666667,9.1432
KK Nair,2022,16,18,8.0,88.89,0.0,0.0,2,0,198.0,0,8.0,9.0,7.1112
KL Nagarkoti,2020,22,32,7.33,68.75,8.51,0.5,10,0,0.0,0,2.2,3.2,5.039375
KL Nagarkoti,2021,0,2,0.0,0.0,12.5,0.0,1,0,0.0,0,0.0,2.0,0.0
KL Rahul,2016,397,277,44.11,143.32,0.0,0.0,12,1,659.0,1,33.083333333333336,23.083333333333332,63.218452
KL Rahul,2018,659,426,54.92,154.69,0.0,0.0,14,1,593.0,1,47.07142857142857,30.428571428571427,84.955748
KL Rahul,2019,593,447,53.91,132.66,0.0,0.0,14,1,676.0,1,42.357142857142854,31.928571428571427,71.517006
KL Rahul,2020,676,531,67.6,127.31,0.0,0.0,14,1,626.0,1,48.285714285714285,37.92857142857143,86.06155999999999
KL Rahul,2021,626,465,62.6,134.62,0.0,0.0,13,1,616.0,1,48.15384615384615,35.76923076923077,84.27212000000002
KL Rahul,2022,616,472,56.0,130.51,0.0,0.0,14,1,274.0,0,44.0,33.714285714285715,73.0856
KL Rahul,2023,274,247,34.25,110.93,0.0,0.0,9,0,520.0,1,30.444444444444443,27.444444444444443,37.993525000000005
KL Rahul,2024,520,398,37.14,130.65,0.0,0.0,14,1,546.0,1,37.142857142857146,28.428571428571427,48.523410000000005
KM Asif,2018,0,0,0.0,0.0,11.53,1.5,2,0,0.0,0,0.0,0.0,0.0
KM Asif,2021,0,0,0.0,0.0,7.29,1.0,1,0,0.0,0,0.0,0.0,0.0
KM Jadhav,2016,42,33,42.0,127.27,0.0,0.0,3,0,267.0,0,14.0,11.0,53.4534
KM Jadhav,2017,267,194,22.25,137.63,0.0,0.0,13,0,24.0,0,20.53846153846154,14.923076923076923,30.622675
KM Jadhav,2018,24,23,24.0,104.35,0.0,0.0,1,0,162.0,0,24.0,23.0,25.043999999999997
KM Jadhav,2019,162,172,18.0,94.19,0.0,0.0,12,0,62.0,0,13.5,14.333333333333334,16.9542
KM Jadhav,2020,62,68,20.67,91.18,0.0,0.0,5,0,55.0,0,12.4,13.6,18.846906000000004
KM Jadhav,2021,55,55,13.75,100.0,0.0,0.0,5,0,12.0,0,11.0,11.0,13.75
KR Sen,2022,0,3,0.0,0.0,8.79,1.14,7,0,0.0,0,0.0,0.42857142857142855,0.0
KR Sen,2023,0,0,0.0,0.0,8.53,0.0,2,0,0.0,0,0.0,0.0,0.0
KS Bharat,2021,191,161,38.2,118.63,0.0,0.0,6,0,8.0,0,31.833333333333332,26.833333333333332,45.31666
KS Sharma,2022,4,4,4.0,100.0,0.0,0.0,1,0,12.0,0,4.0,4.0,4.0
KS Williamson,2016,124,126,20.67,98.41,7.0,0.0,6,0,256.0,0,20.666666666666668,21.0,20.341347
KS Williamson,2017,256,170,42.67,150.59,0.0,0.0,7,0,735.0,1,36.57142857142857,24.285714285714285,64.256753
KS Williamson,2018,735,522,52.5,140.8,0.0,0.0,17,1,156.0,0,43.23529411764706,30.705882352941178,73.92000000000002
KS Williamson,2019,156,134,22.29,116.42,0.0,0.0,9,0,317.0,1,17.333333333333332,14.88888888888889,25.950018
KS Williamson,2020,317,241,45.29,131.54,12.0,0.0,11,1,270.0,0,28.818181818181817,21.90909090909091,59.574465999999994
KS Williamson,2021,270,250,45.0,108.0,0.0,0.0,10,0,216.0,0,27.0,25.0,48.6
KS Williamson,2022,216,235,21.6,91.91,0.0,0.0,12,0,27.0,0,18.0,19.583333333333332,19.85256
KT Maphaka,2024,0,0,0.0,0.0,13.23,0.5,2,0,8.0,0,0.0,0.0,0.0
KV Sharma,2016,36,34,36.0,105.88,10.14,0.0,5,0,49.0,0,7.2,6.8,38.1168
KV Sharma,2017,49,42,8.17,116.67,6.63,1.44,9,0,0.0,0,5.444444444444445,4.666666666666667,9.531939
KV Sharma,2018,0,0,0.0,0.0,9.1,0.8,5,0,0.0,0,0.0,0.0,0.0
KV Sharma,2019,0,0,0.0,0.0,11.65,1.0,1,0,0.0,0,0.0,0.0,0.0
KV Sharma,2020,0,0,0.0,0.0,8.19,1.0,5,0,3.0,0,0.0,0.0,0.0
KV Sharma,2023,3,5,1.5,60.0,10.0,1.43,7,0,31.0,0,0.42857142857142855,0.7142857142857143,0.9
KV Sharma,2024,31,16,10.33,193.75,10.03,0.78,9,0,1.0,0,3.4444444444444446,1.7777777777777777,20.014375
KW Richardson,2016,1,1,1.0,100.0,9.07,2.0,4,0,0.0,0,0.25,0.25,1.0
Kartik Tyagi,2020,4,6,4.0,66.67,8.84,0.9,10,0,2.0,0,0.4,0.6,2.6668000000000003
Kartik Tyagi,2021,2,4,2.0,50.0,7.29,1.0,4,0,7.0,0,0.5,1.0,1.0
Kartik Tyagi,2022,7,6,3.5,116.67,8.11,0.5,2,0,0.0,0,3.5,3.0,4.08345
Kartik Tyagi,2023,0,0,0.0,0.0,11.59,0.33,3,0,0.0,0,0.0,0.0,0.0
Kuldeep Yadav,2016,0,0,0.0,0.0,7.62,2.0,3,0,20.0,0,0.0,0.0,0.0
Kuldeep Yadav,2017,20,22,10.0,90.91,8.04,1.0,12,0,12.0,0,1.6666666666666667,1.8333333333333333,9.091
Kuldeep Yadav,2018,12,25,12.0,48.0,7.88,1.06,16,0,12.0,0,0.75,1.5625,5.76
Kuldeep Yadav,2019,12,8,12.0,150.0,8.38,0.44,9,0,13.0,0,1.3333333333333333,0.8888888888888888,18.0
Kuldeep Yadav,2020,13,21,13.0,61.9,7.12,0.2,5,0,48.0,0,2.6,4.2,8.046999999999999
Kuldeep Yadav,2022,48,54,48.0,88.89,8.06,1.5,14,0,31.0,0,3.4285714285714284,3.857142857142857,42.6672
Kuldeep Yadav,2023,31,50,15.5,62.0,7.1,0.71,14,0,47.0,0,2.2142857142857144,3.5714285714285716,9.61
Kuldeep Yadav,2024,47,44,15.67,106.82,8.16,1.45,11,0,18.0,0,4.2727272727272725,4.0,16.738694
L Ngidi,2018,0,0,0.0,0.0,5.48,1.57,7,0,0.0,0,0.0,0.0,0.0
L Ngidi,2020,0,0,0.0,0.0,9.17,2.25,4,0,0.0,0,0.0,0.0,0.0
L Ngidi,2021,0,0,0.0,0.0,9.76,1.67,3,0,0.0,0,0.0,0.0,0.0
LH Ferguson,2017,1,1,1.0,100.0,5.79,0.75,4,0,0.0,0,0.25,0.25,1.0
LH Ferguson,2019,0,0,0.0,0.0,9.98,0.4,5,0,43.0,0,0.0,0.0,0.0
LH Ferguson,2020,43,29,43.0,148.28,6.85,1.6,5,0,18.0,0,8.6,5.8,63.7604
LH Ferguson,2021,18,13,18.0,138.46,7.03,1.62,8,0,5.0,0,2.25,1.625,24.922800000000002
LH Ferguson,2022,5,4,2.5,125.0,8.28,0.92,13,0,0.0,0,0.38461538461538464,0.3076923076923077,3.125
LH Ferguson,2023,0,0,0.0,0.0,10.56,0.33,3,0,1.0,0,0.0,0.0,0.0
LH Ferguson,2024,1,1,1.0,100.0,10.29,1.29,7,0,4.0,0,0.14285714285714285,0.14285714285714285,1.0
LMP Simmons,2016,8,8,8.0,100.0,0.0,0.0,1,0,137.0,0,8.0,8.0,8.0
LS Livingstone,2019,70,48,23.33,145.83,13.0,0.0,4,0,42.0,0,17.5,12.0,34.022139
LS Livingstone,2021,42,43,8.4,97.67,0.0,0.0,5,0,437.0,1,8.4,8.6,8.20428
LS Livingstone,2022,437,261,36.42,167.43,8.17,0.43,14,1,279.0,0,31.214285714285715,18.642857142857142,60.97800600000001
LS Livingstone,2023,279,175,39.86,159.43,13.43,0.22,9,0,111.0,0,31.0,19.444444444444443,63.548798000000005
LS Livingstone,2024,111,82,22.2,135.37,6.48,0.43,7,0,112.0,0,15.857142857142858,11.714285714285714,30.052139999999998
Lalit Yadav,2021,68,75,34.0,90.67,7.21,0.57,7,0,161.0,0,9.714285714285714,10.714285714285714,30.827800000000003
Lalit Yadav,2022,161,152,23.0,105.92,8.07,0.4,10,0,66.0,0,16.1,15.2,24.3616
Lalit Yadav,2023,66,62,13.2,106.45,8.34,0.33,6,0,10.0,0,11.0,10.333333333333334,14.0514
M Ashwin,2016,0,1,0.0,0.0,7.98,0.7,10,0,1.0,0,0.0,0.1,0.0
M Ashwin,2018,1,2,1.0,50.0,6.67,1.5,2,0,3.0,0,0.5,1.0,0.5
M Ashwin,2019,3,5,3.0,60.0,7.02,0.5,10,0,4.0,0,0.3,0.5,1.8
M Ashwin,2020,4,4,4.0,100.0,7.32,1.11,9,0,15.0,0,0.4444444444444444,0.4444444444444444,4.0
M Ashwin,2021,15,24,7.5,62.5,7.77,0.33,3,0,12.0,0,5.0,8.0,4.6875
M Ashwin,2022,12,14,4.0,85.71,7.47,1.12,8,0,0.0,0,1.5,1.75,3.4284
M Jansen,2021,0,4,0.0,0.0,6.15,1.0,2,0,9.0,0,0.0,2.0,0.0
M Jansen,2022,9,7,9.0,128.57,7.79,0.88,8,0,39.0,0,1.125,0.875,11.571299999999999
M Jansen,2023,39,45,13.0,86.67,8.33,1.25,8,0,18.0,0,4.875,5.625,11.267100000000001
M Jansen,2024,18,15,18.0,120.0,10.24,0.33,3,0,75.0,0,6.0,5.0,21.6
M Markande,2018,21,25,10.5,84.0,8.15,1.07,14,0,6.0,0,1.5,1.7857142857142858,8.82
M Markande,2019,6,5,6.0,120.0,9.41,0.33,3,0,0.0,0,2.0,1.6666666666666667,7.2
M Markande,2021,0,0,0.0,0.0,8.67,0.0,1,0,0.0,0,0.0,0.0,0.0
M Markande,2022,0,0,0.0,0.0,8.14,0.5,2,0,21.0,0,0.0,0.0,0.0
M Markande,2023,21,14,21.0,150.0,7.75,1.2,10,0,0.0,0,2.1,1.4,31.5
M Pathirana,2022,0,0,0.0,0.0,5.12,1.0,2,0,0.0,0,0.0,0.0,0.0
M Pathirana,2023,0,0,0.0,0.0,6.37,1.58,12,0,0.0,0,0.0,0.0,0.0
M Pathirana,2024,0,0,0.0,0.0,6.37,2.17,6,0,0.0,0,0.0,0.0,0.0
M Prasidh Krishna,2018,1,5,1.0,20.0,8.51,1.43,7,0,0.0,0,0.14285714285714285,0.7142857142857143,0.2
M Prasidh Krishna,2019,0,2,0.0,0.0,8.63,0.45,11,0,2.0,0,0.0,0.18181818181818182,0.0
M Prasidh Krishna,2020,2,4,2.0,50.0,8.81,0.67,6,0,0.0,0,0.3333333333333333,0.6666666666666666,1.0
M Prasidh Krishna,2021,0,1,0.0,0.0,7.8,1.2,10,0,6.0,0,0.0,0.1,0.0
M Prasidh Krishna,2022,6,12,6.0,50.0,7.01,1.12,17,0,0.0,0,0.35294117647058826,0.7058823529411765,3.0
M Shahrukh Khan,2021,153,118,21.86,129.66,0.0,0.0,10,0,117.0,0,15.3,11.8,28.343676000000002
M Shahrukh Khan,2022,117,118,16.71,99.15,0.0,0.0,8,0,156.0,0,14.625,14.75,16.567965
M Shahrukh Khan,2023,156,100,22.29,156.0,0.0,0.0,12,0,127.0,0,13.0,8.333333333333334,34.7724
M Shahrukh Khan,2024,127,77,18.14,164.94,7.5,0.0,7,0,179.0,0,18.142857142857142,11.0,29.920116000000004
M Siddharth,2024,0,0,0.0,0.0,6.83,0.33,3,0,0.0,0,0.0,0.0,0.0
M Theekshana,2022,7,7,7.0,100.0,7.33,1.33,9,0,0.0,0,0.7777777777777778,0.7777777777777778,7.0
M Theekshana,2023,0,0,0.0,0.0,7.79,0.85,13,0,0.0,0,0.0,0.0,0.0
M Theekshana,2024,0,0,0.0,0.0,7.09,0.4,5,0,10.0,0,0.0,0.0,0.0
M Vijay,2016,453,373,34.85,121.45,6.0,0.0,14,1,12.0,0,32.357142857142854,26.642857142857142,42.325325
M Vijay,2018,12,11,12.0,109.09,0.0,0.0,1,0,64.0,0,12.0,11.0,13.0908
M Vijay,2019,64,61,32.0,104.92,0.0,0.0,2,0,32.0,0,32.0,30.5,33.5744
M Vohra,2016,161,136,23.0,118.38,0.0,0.0,7,0,229.0,0,23.0,19.428571428571427,27.2274
M Vohra,2017,229,170,25.44,134.71,0.0,0.0,9,0,55.0,0,25.444444444444443,18.88888888888889,34.270224000000006
M Vohra,2018,55,50,13.75,110.0,0.0,0.0,4,0,42.0,0,13.75,12.5,15.125
M Vohra,2021,42,40,10.5,105.0,0.0,0.0,4,0,19.0,0,10.5,10.0,11.025
M Vohra,2022,19,12,19.0,158.33,0.0,0.0,1,0,10.0,0,19.0,12.0,30.082700000000003
MA Agarwal,2016,27,26,9.0,103.85,0.0,0.0,3,0,26.0,0,9.0,8.666666666666666,9.346499999999999
MA Agarwal,2017,26,29,8.67,89.66,0.0,0.0,3,0,120.0,0,8.666666666666666,9.666666666666666,7.773521999999999
MA Agarwal,2018,120,94,12.0,127.66,0.0,0.0,11,0,332.0,1,10.909090909090908,8.545454545454545,15.3192
MA Agarwal,2019,332,241,25.54,137.76,0.0,0.0,13,1,432.0,1,25.53846153846154,18.53846153846154,35.183904
MA Agarwal,2020,432,285,39.27,151.58,0.0,0.0,11,1,441.0,1,39.27272727272727,25.90909090909091,59.52546600000001
MA Agarwal,2021,441,324,40.09,136.11,0.0,0.0,12,1,196.0,0,36.75,27.0,54.566499000000015
MA Agarwal,2022,196,167,16.33,117.37,0.0,0.0,12,0,270.0,0,16.333333333333332,13.916666666666666,19.166521
MA Agarwal,2023,270,219,27.0,123.29,0.0,0.0,10,0,64.0,0,27.0,21.9,33.28830000000001
MA Agarwal,2024,64,59,16.0,108.47,0.0,0.0,4,0,95.0,0,16.0,14.75,17.3552
MA Starc,2024,9,11,4.5,81.82,9.3,1.31,13,0,6.0,0,0.6923076923076923,0.8461538461538461,3.6818999999999993
MA Wood,2018,1,5,1.0,20.0,11.52,0.0,1,0,11.0,0,1.0,5.0,0.2
MC Henriques,2016,182,162,15.17,112.35,7.72,0.71,17,0,277.0,0,10.705882352941176,9.529411764705882,17.043494999999997
MC Henriques,2017,277,205,46.17,135.12,9.73,0.08,12,0,31.0,0,23.083333333333332,17.083333333333332,62.384904000000006
MG Johnson,2016,5,14,2.5,35.71,8.96,0.67,3,0,20.0,0,1.6666666666666667,4.666666666666667,0.89275
MG Johnson,2017,20,17,20.0,117.65,6.48,1.4,5,0,16.0,0,4.0,3.4,23.53
MJ Guptill,2016,57,55,19.0,103.64,0.0,0.0,3,0,132.0,0,19.0,18.333333333333332,19.6916
MJ Guptill,2017,132,88,22.0,150.0,0.0,0.0,7,0,82.0,0,18.857142857142858,12.571428571428571,33.0
MJ Henry,2017,0,0,0.0,0.0,13.55,0.5,2,0,0.0,0,0.0,0.0,0.0
MJ McClenaghan,2016,34,23,11.33,147.83,7.66,1.21,14,0,16.0,0,2.4285714285714284,1.6428571428571428,16.749139000000003
MJ McClenaghan,2017,16,16,4.0,100.0,8.45,1.36,14,0,11.0,0,1.1428571428571428,1.1428571428571428,4.0
MJ McClenaghan,2018,11,12,5.5,91.67,7.61,1.27,11,0,11.0,0,1.0,1.0909090909090908,5.04185
MJ Santner,2019,32,25,32.0,128.0,5.66,1.0,4,0,0.0,0,8.0,6.25,40.96
MJ Santner,2020,0,0,0.0,0.0,7.57,1.0,2,0,22.0,0,0.0,0.0,0.0
MJ Santner,2022,22,30,11.0,73.33,6.84,0.67,6,0,2.0,0,3.6666666666666665,5.0,8.0663
MJ Santner,2023,2,4,2.0,50.0,6.75,1.0,3,0,14.0,0,0.6666666666666666,1.3333333333333333,1.0
MJ Santner,2024,14,18,4.67,77.78,7.11,0.67,3,0,40.0,0,4.666666666666667,6.0,3.632326
MK Lomror,2018,20,21,20.0,95.24,9.0,0.0,2,0,8.0,0,10.0,10.5,19.048
MK Lomror,2019,8,3,8.0,266.67,0.0,0.0,1,0,59.0,0,8.0,3.0,21.3336
MK Lomror,2020,59,54,19.67,109.26,0.0,0.0,3,0,94.0,0,19.666666666666668,18.0,21.491442000000003
MK Lomror,2021,94,76,31.33,123.68,6.42,0.25,4,0,86.0,0,23.5,19.0,38.748944
MK Lomror,2022,86,60,17.2,143.33,9.0,0.0,7,0,135.0,0,12.285714285714286,8.571428571428571,24.652760000000004
MK Lomror,2023,135,101,16.88,133.66,8.5,0.0,10,0,125.0,0,13.5,10.1,22.561807999999996
MK Pandey,2016,248,190,31.0,130.53,0.0,0.0,11,0,396.0,1,22.545454545454547,17.272727272727273,40.4643
MK Pandey,2017,396,315,49.5,125.71,0.0,0.0,12,1,284.0,0,33.0,26.25,62.22644999999999
MK Pandey,2018,284,257,25.82,110.51,0.0,0.0,13,0,345.0,1,21.846153846153847,19.76923076923077,28.533682000000002
MK Pandey,2019,345,268,38.33,128.73,0.0,0.0,11,1,425.0,1,31.363636363636363,24.363636363636363,49.342209
MK Pandey,2020,425,350,32.69,121.43,0.0,0.0,15,1,292.0,0,28.333333333333332,23.333333333333332,39.695467
MK Pandey,2021,292,246,48.67,118.7,0.0,0.0,8,0,88.0,0,36.5,30.75,57.77129
MK Pandey,2022,88,84,14.67,104.76,0.0,0.0,6,0,160.0,0,14.666666666666666,14.0,15.368292000000002
MK Pandey,2023,160,149,17.78,107.38,0.0,0.0,9,0,42.0,0,17.77777777777778,16.555555555555557,19.092164
MK Pandey,2024,42,33,42.0,127.27,0.0,0.0,1,0,92.0,0,42.0,33.0,53.4534
MK Tiwary,2017,324,242,32.4,133.88,0.0,0.0,13,1,47.0,0,24.923076923076923,18.615384615384617,43.37712
MM Ali,2018,77,46,19.25,167.39,7.04,0.6,5,0,220.0,0,15.4,9.2,32.222575
MM Ali,2019,220,137,27.5,160.58,6.68,0.55,11,0,12.0,0,20.0,12.454545454545455,44.15950000000001
MM Ali,2020,12,16,4.0,75.0,7.5,0.33,3,0,357.0,1,4.0,5.333333333333333,3.0
MM Ali,2021,357,270,25.5,132.22,6.19,0.4,15,1,244.0,0,23.8,18.0,33.716100000000004
MM Ali,2022,244,183,24.4,133.33,6.37,0.8,10,0,124.0,0,24.4,18.3,32.53252
MM Ali,2023,124,92,17.71,134.78,7.41,0.69,13,0,128.0,0,9.538461538461538,7.076923076923077,23.869538000000002
MM Ali,2024,128,105,25.6,121.9,8.57,0.29,7,0,5.0,0,18.285714285714285,15.0,31.206400000000002
MM Sharma,2016,32,27,8.0,118.52,7.78,0.93,14,0,51.0,0,2.2857142857142856,1.9285714285714286,9.4816
MM Sharma,2017,51,51,8.5,100.0,8.79,0.93,14,0,10.0,0,3.642857142857143,3.642857142857143,8.5
MM Sharma,2018,10,14,10.0,71.43,10.13,0.78,9,0,0.0,0,1.1111111111111112,1.5555555555555556,7.143000000000001
MM Sharma,2019,0,2,0.0,0.0,9.0,1.0,1,0,0.0,0,0.0,2.0,0.0
MM Sharma,2020,0,0,0.0,0.0,10.56,1.0,1,0,0.0,0,0.0,0.0,0.0
MM Sharma,2023,0,1,0.0,0.0,8.01,1.93,14,0,2.0,0,0.0,0.07142857142857142,0.0
MM Sharma,2024,2,16,1.0,12.5,10.14,1.08,12,0,1.0,0,0.16666666666666666,1.3333333333333333,0.125
MP Stoinis,2016,146,111,36.5,131.53,8.19,1.14,7,0,17.0,0,20.857142857142858,15.857142857142858,48.00845
MP Stoinis,2017,17,25,5.67,68.0,9.04,0.4,5,0,99.0,0,3.4,5.0,3.8556
MP Stoinis,2018,99,78,24.75,126.92,10.91,0.43,7,0,211.0,0,14.142857142857142,11.142857142857142,31.4127
MP Stoinis,2019,211,159,52.75,132.7,8.27,0.2,10,0,352.0,1,21.1,15.9,69.99924999999999
MP Stoinis,2020,352,250,25.14,140.8,9.0,0.76,17,1,89.0,0,20.705882352941178,14.705882352941176,35.39712
MP Stoinis,2021,89,74,22.25,120.27,10.0,0.2,10,0,156.0,0,8.9,7.4,26.760074999999997
MP Stoinis,2022,156,116,19.5,134.48,10.5,0.36,11,0,408.0,1,14.181818181818182,10.545454545454545,26.223599999999998
MP Stoinis,2023,408,281,29.14,145.2,8.35,0.33,15,1,388.0,1,27.2,18.733333333333334,42.31128
MP Stoinis,2024,388,272,32.33,142.65,8.21,0.29,14,1,160.0,0,27.714285714285715,19.428571428571427,46.118745
MP Yadav,2024,0,0,0.0,0.0,6.47,1.75,4,0,0.0,0,0.0,0.0,0.0
MR Marsh,2016,7,11,7.0,63.64,4.8,1.33,3,0,0.0,0,2.3333333333333335,3.6666666666666665,4.4548000000000005
MR Marsh,2020,0,1,0.0,0.0,9.0,0.0,1,0,251.0,0,0.0,1.0,0.0
MR Marsh,2022,251,192,31.38,130.73,7.74,0.5,8,0,128.0,0,31.375,24.0,41.023073999999994
MR Marsh,2023,128,97,14.22,131.96,7.23,1.33,9,0,61.0,0,14.222222222222221,10.777777777777779,18.764712000000003
MR Marsh,2024,61,41,15.25,148.78,10.78,0.25,4,0,627.0,1,15.25,10.25,22.68895
MS Dhoni,2016,284,220,40.57,129.09,0.0,0.0,12,0,290.0,0,23.666666666666668,18.333333333333332,52.371813
MS Dhoni,2017,290,261,26.36,111.11,0.0,0.0,15,0,455.0,1,19.333333333333332,17.4,29.288596
MS Dhoni,2018,455,321,75.83,141.74,0.0,0.0,15,1,416.0,1,30.333333333333332,21.4,107.481442
MS Dhoni,2019,416,317,83.2,131.23,0.0,0.0,12,1,200.0,0,34.666666666666664,26.416666666666668,109.18336
MS Dhoni,2020,200,175,25.0,114.29,0.0,0.0,12,0,114.0,0,16.666666666666668,14.583333333333334,28.5725
MS Dhoni,2021,114,111,16.29,102.7,0.0,0.0,11,0,232.0,0,10.363636363636363,10.090909090909092,16.72983
MS Dhoni,2022,232,198,33.14,117.17,0.0,0.0,12,0,104.0,0,19.333333333333332,16.5,38.830138000000005
MS Dhoni,2023,104,63,26.0,165.08,0.0,0.0,12,0,161.0,0,8.666666666666666,5.25,42.9208
MS Dhoni,2024,161,82,53.67,196.34,0.0,0.0,11,0,196.0,0,14.636363636363637,7.454545454545454,105.37567800000001
MS Wade,2022,157,145,15.7,108.28,0.0,0.0,10,0,4.0,0,15.7,14.5,16.999959999999998
Mandeep Singh,2017,188,178,18.8,105.62,0.0,0.0,10,0,252.0,0,18.8,17.8,19.85656
Mandeep Singh,2018,252,193,25.2,130.57,0.0,0.0,13,0,165.0,0,19.384615384615383,14.846153846153847,32.903639999999996
Mandeep Singh,2019,165,122,41.25,135.25,13.0,0.0,12,0,130.0,0,13.75,10.166666666666666,55.790625
Mandeep Singh,2020,130,111,21.67,117.12,0.0,0.0,7,0,15.0,0,18.571428571428573,15.857142857142858,25.379904
Mandeep Singh,2021,15,14,15.0,107.14,0.0,0.0,1,0,18.0,0,15.0,14.0,16.070999999999998
Mandeep Singh,2022,18,24,6.0,75.0,0.0,0.0,3,0,14.0,0,6.0,8.0,4.5
Mayank Dagar,2023,0,0,0.0,0.0,7.55,0.33,3,0,0.0,0,0.0,0.0,0.0
Mohammad Nabi,2017,2,3,2.0,66.67,5.27,0.67,3,0,18.0,0,0.6666666666666666,1.0,1.3334000000000001
Mohammad Nabi,2018,18,12,9.0,150.0,9.4,0.5,2,0,121.0,0,9.0,6.0,13.5
Mohammad Nabi,2019,121,81,24.2,149.38,6.65,1.0,8,0,11.0,0,15.125,10.125,36.14995999999999
Mohammad Nabi,2020,11,8,11.0,137.5,4.62,0.0,1,0,34.0,0,11.0,8.0,15.125
Mohammad Nabi,2021,34,22,11.33,154.55,10.75,0.67,3,0,35.0,0,11.333333333333334,7.333333333333333,17.510515
Mohammed Shami,2016,2,4,2.0,50.0,9.04,0.62,8,0,36.0,0,0.25,0.5,1.0
Mohammed Shami,2017,36,24,9.0,150.0,8.36,0.62,8,0,7.0,0,4.5,3.0,13.5
Mohammed Shami,2018,7,6,7.0,116.67,10.02,0.75,4,0,1.0,0,1.75,1.5,8.1669
Mohammed Shami,2019,1,2,1.0,50.0,8.36,1.36,14,0,2.0,0,0.07142857142857142,0.14285714285714285,0.5
Mohammed Shami,2020,2,3,2.0,66.67,7.86,1.43,14,0,13.0,0,0.14285714285714285,0.21428571428571427,1.3334000000000001
Mohammed Shami,2021,13,17,13.0,76.47,7.21,1.36,14,0,0.0,0,0.9285714285714286,1.2142857142857142,9.9411
Mohammed Shami,2022,0,0,0.0,0.0,7.3,1.25,16,0,5.0,0,0.0,0.0,0.0
Mohammed Shami,2023,5,8,2.5,62.5,7.49,1.65,17,0,10.0,0,0.29411764705882354,0.47058823529411764,1.5625
Mohammed Siraj,2017,0,0,0.0,0.0,8.89,1.67,6,0,25.0,0,0.0,0.0,0.0
Mohammed Siraj,2018,25,23,12.5,108.7,7.84,1.09,11,0,4.0,0,2.272727272727273,2.090909090909091,13.5875
Mohammed Siraj,2019,4,15,4.0,26.67,8.55,0.78,9,0,17.0,0,0.4444444444444444,1.6666666666666667,1.0668
Mohammed Siraj,2020,17,14,17.0,121.43,7.92,1.22,9,0,20.0,0,1.8888888888888888,1.5555555555555556,20.6431
Mohammed Siraj,2021,20,26,20.0,76.92,6.43,0.73,15,0,30.0,0,1.3333333333333333,1.7333333333333334,15.384
Mohammed Siraj,2022,30,33,15.0,90.91,8.97,0.6,15,0,1.0,0,2.0,2.2,13.636499999999998
Mohammed Siraj,2023,1,2,1.0,50.0,6.22,1.36,14,0,12.0,0,0.07142857142857142,0.14285714285714285,0.5
Mohammed Siraj,2024,12,9,12.0,133.33,8.04,1.07,14,0,3.0,0,0.8571428571428571,0.6428571428571429,15.999600000000001
Mohsin Khan,2022,23,19,23.0,121.05,5.39,1.56,9,0,0.0,0,2.5555555555555554,2.111111111111111,27.8415
Mohsin Khan,2023,0,7,0.0,0.0,9.66,0.75,4,0,2.0,0,0.0,1.75,0.0
Mujeeb Ur Rahman,2018,10,7,10.0,142.86,6.66,1.27,11,0,0.0,0,0.9090909090909091,0.6363636363636364,14.286000000000001
Mujeeb Ur Rahman,2019,0,4,0.0,0.0,8.54,0.6,5,0,1.0,0,0.0,0.8,0.0
Mujeeb Ur Rahman,2020,1,3,1.0,33.33,9.8,0.0,2,0,1.0,0,0.5,1.5,0.3333
Mujeeb Ur Rahman,2021,1,1,1.0,100.0,6.23,2.0,1,0,0.0,0,1.0,1.0,1.0
Mukesh Choudhary,2022,6,6,6.0,100.0,8.37,1.23,13,0,0.0,0,0.46153846153846156,0.46153846153846156,6.0
Mukesh Choudhary,2024,0,0,0.0,0.0,22.29,0.0,1,0,0.0,0,0.0,0.0,0.0
Mukesh Kumar,2023,7,10,7.0,70.0,9.59,0.8,10,0,3.0,0,0.7,1.0,4.9
Mukesh Kumar,2024,3,10,3.0,30.0,9.63,1.7,10,0,0.0,0,0.3,1.0,0.9
Mustafizur Rahman,2016,0,0,0.0,0.0,6.56,1.06,16,0,0.0,0,0.0,0.0,0.0
Mustafizur Rahman,2017,0,0,0.0,0.0,11.65,0.0,1,0,1.0,0,0.0,0.0,0.0
Mustafizur Rahman,2018,1,3,1.0,33.33,8.19,1.0,7,0,8.0,0,0.14285714285714285,0.42857142857142855,0.3333
Mustafizur Rahman,2021,8,14,8.0,57.14,7.63,1.0,14,0,3.0,0,0.5714285714285714,1.0,4.5712
Mustafizur Rahman,2022,3,5,3.0,60.0,7.15,1.0,8,0,1.0,0,0.375,0.625,1.8
Mustafizur Rahman,2023,1,1,1.0,100.0,11.29,0.5,2,0,0.0,0,0.5,0.5,1.0
Mustafizur Rahman,2024,0,0,0.0,0.0,7.97,1.56,9,0,0.0,0,0.0,0.0,0.0
N Jagadeesan,2020,33,31,16.5,106.45,0.0,0.0,2,0,40.0,0,16.5,15.5,17.56425
N Jagadeesan,2022,40,40,40.0,100.0,0.0,0.0,2,0,89.0,0,20.0,20.0,40.0
N Pooran,2019,168,110,28.0,152.73,0.0,0.0,6,0,353.0,1,28.0,18.333333333333332,42.764399999999995
N Pooran,2020,353,215,44.12,164.19,0.0,0.0,14,1,85.0,0,25.214285714285715,15.357142857142858,72.440628
N Pooran,2021,85,77,8.5,110.39,0.0,0.0,10,0,306.0,1,8.5,7.7,9.38315
N Pooran,2022,306,228,38.25,134.21,0.0,0.0,13,1,358.0,1,23.53846153846154,17.53846153846154,51.335325000000005
N Pooran,2023,358,217,29.83,164.98,0.0,0.0,15,1,499.0,1,23.866666666666667,14.466666666666667,49.21353399999999
N Pooran,2024,499,296,62.38,168.58,0.0,0.0,14,1,524.0,1,35.642857142857146,21.142857142857142,105.16020400000001
N Rana,2016,104,78,34.67,133.33,3.0,0.0,4,0,333.0,1,26.0,19.5,46.225511000000004
N Rana,2017,333,277,30.27,120.22,0.0,0.0,12,1,304.0,1,27.75,23.083333333333332,36.390594
N Rana,2018,304,238,21.71,127.73,6.79,0.27,15,1,344.0,1,20.266666666666666,15.866666666666667,27.730183
N Rana,2019,344,240,34.4,143.33,8.4,0.25,12,1,352.0,1,28.666666666666668,20.0,49.30552000000001
N Rana,2020,352,260,25.14,135.38,10.15,0.0,14,1,383.0,1,25.142857142857142,18.571428571428573,34.034532
N Rana,2021,383,325,29.46,117.85,6.0,0.0,16,1,361.0,1,23.9375,20.3125,34.71861
N Rana,2022,361,259,27.77,139.38,11.5,0.0,14,1,413.0,1,25.785714285714285,18.5,38.705825999999995
N Rana,2023,413,303,31.77,136.3,8.22,0.21,14,1,42.0,0,29.5,21.642857142857142,43.302510000000005
N Rana,2024,42,35,21.0,120.0,0.0,0.0,2,0,217.0,0,21.0,17.5,25.2
N Thushara,2024,0,0,0.0,0.0,8.34,1.14,7,0,0.0,0,0.0,0.0,0.0
N Wadhera,2023,241,171,26.78,140.94,0.0,0.0,10,0,109.0,0,24.1,17.1,37.743732
N Wadhera,2024,109,90,18.17,121.11,6.5,0.0,6,0,369.0,1,18.166666666666668,15.0,22.005687
NM Coulter-Nile,2016,9,14,9.0,64.29,7.16,0.75,4,0,14.0,0,2.25,3.5,5.7861
NM Coulter-Nile,2017,14,13,4.67,107.69,7.42,1.88,8,0,25.0,0,1.75,1.625,5.029122999999999
NM Coulter-Nile,2020,25,15,25.0,166.67,7.09,0.71,7,0,4.0,0,3.5714285714285716,2.142857142857143,41.6675
NM Coulter-Nile,2021,4,5,2.0,80.0,6.25,1.4,5,0,1.0,0,0.8,1.0,1.6
NS Naik,2016,23,33,11.5,69.7,0.0,0.0,2,0,7.0,0,11.5,16.5,8.015500000000001
NS Naik,2019,7,17,7.0,41.18,0.0,0.0,1,0,1.0,0,7.0,17.0,2.8826
NT Ellis,2021,18,17,18.0,105.88,7.76,0.33,3,0,0.0,0,6.0,5.666666666666667,19.0584
NT Ellis,2022,0,2,0.0,0.0,7.65,1.5,2,0,1.0,0,0.0,1.0,0.0
NT Ellis,2023,1,7,0.5,14.29,8.58,1.3,10,0,0.0,0,0.1,0.7,0.07145
NT Ellis,2024,0,0,0.0,0.0,6.0,1.0,1,0,0.0,0,0.0,0.0,0.0
NV Ojha,2016,136,142,13.6,95.77,0.0,0.0,13,0,79.0,0,10.461538461538462,10.923076923076923,13.02472
NV Ojha,2017,79,70,19.75,112.86,0.0,0.0,5,0,1.0,0,15.8,14.0,22.28985
Naman Dhir,2024,140,84,23.33,166.67,11.17,0.0,7,0,252.0,0,20.0,12.0,38.88411099999999
Navdeep Saini,2019,2,4,2.0,50.0,7.75,0.85,13,0,27.0,0,0.15384615384615385,0.3076923076923077,1.0
Navdeep Saini,2020,27,27,27.0,100.0,7.47,0.54,13,0,2.0,0,2.076923076923077,2.076923076923077,27.0
Navdeep Saini,2021,2,5,2.0,40.0,12.24,0.0,2,0,2.0,0,1.0,2.5,0.8
Navdeep Saini,2022,2,2,2.0,100.0,10.62,1.5,2,0,0.0,0,1.0,1.0,2.0
Naveen-ul-Haq,2023,16,22,16.0,72.73,7.27,1.57,7,0,2.0,0,2.2857142857142856,3.142857142857143,11.636800000000001
Nithish Kumar Reddy,2023,0,0,0.0,0.0,10.26,0.0,2,0,303.0,1,0.0,0.0,0.0
Nithish Kumar Reddy,2024,303,221,33.67,137.1,10.0,0.27,11,1,182.0,0,27.545454545454547,20.09090909090909,46.161570000000005
Noor Ahmad,2023,8,9,4.0,88.89,7.08,1.23,13,0,5.0,0,0.6153846153846154,0.6923076923076923,3.5556
Noor Ahmad,2024,5,9,2.5,55.56,7.96,0.8,10,0,7.0,0,0.5,0.9,1.389
OC McCoy,2022,8,5,8.0,160.0,7.6,1.57,7,0,0.0,0,1.1428571428571428,0.7142857142857143,12.8
P Dubey,2020,7,13,7.0,53.85,9.0,0.0,3,0,16.0,0,2.3333333333333335,4.333333333333333,3.7695
P Dubey,2023,16,20,16.0,80.0,5.68,1.0,1,0,0.0,0,16.0,20.0,12.8
P Kumar,2016,24,27,6.0,88.89,7.2,0.56,16,0,8.0,0,1.5,1.6875,5.3334
P Negi,2016,57,63,28.5,90.48,9.33,0.14,7,0,144.0,0,8.142857142857142,9.0,25.786800000000003
P Negi,2017,144,114,18.0,126.32,5.7,1.42,12,0,3.0,0,12.0,9.5,22.737599999999997
P Negi,2018,3,5,1.5,60.0,12.25,0.5,2,0,9.0,0,1.5,2.5,0.9
P Simran Singh,2019,16,18,16.0,88.89,0.0,0.0,1,0,15.0,0,16.0,18.0,14.2224
P Simran Singh,2020,15,15,7.5,100.0,0.0,0.0,2,0,19.0,0,7.5,7.5,7.5
P Simran Singh,2021,19,23,9.5,82.61,0.0,0.0,2,0,14.0,0,9.5,11.5,7.84795
P Simran Singh,2022,14,11,14.0,127.27,0.0,0.0,1,0,358.0,1,14.0,11.0,17.8178
P Simran Singh,2023,358,245,25.57,146.12,0.0,0.0,14,1,334.0,1,25.571428571428573,17.5,37.362884
P Simran Singh,2024,334,216,23.86,154.63,0.0,0.0,14,1,599.0,1,23.857142857142858,15.428571428571429,36.894718
PA Patel,2016,177,161,17.7,109.94,0.0,0.0,10,0,395.0,1,17.7,16.1,19.45938
PA Patel,2017,395,308,24.69,128.25,0.0,0.0,16,1,153.0,0,24.6875,19.25,31.664925000000004
PA Patel,2018,153,109,30.6,140.37,0.0,0.0,6,0,373.0,1,25.5,18.166666666666668,42.95322
PBB Rajapaksa,2022,206,137,22.89,150.36,0.0,0.0,9,0,71.0,0,22.88888888888889,15.222222222222221,34.417404000000005
PD Salt,2023,218,135,27.25,161.48,0.0,0.0,9,0,435.0,1,24.22222222222222,15.0,44.003299999999996
PD Salt,2024,435,250,39.55,174.0,0.0,0.0,12,1,403.0,1,36.25,20.833333333333332,68.817
PJ Cummins,2017,77,54,15.4,142.59,7.49,1.25,12,0,146.0,0,6.416666666666667,4.5,21.95886
PJ Cummins,2020,146,120,20.86,121.67,7.35,0.86,14,0,93.0,0,10.428571428571429,8.571428571428571,25.380362
PJ Cummins,2021,93,60,31.0,155.0,8.07,1.29,7,0,63.0,0,13.285714285714286,8.571428571428571,48.05
PJ Cummins,2022,63,24,15.75,262.5,9.45,1.4,5,0,136.0,0,12.6,4.8,41.34375
PJ Cummins,2024,136,99,22.67,137.37,8.9,1.12,16,0,97.0,0,8.5,6.1875,31.141779
PJ Sangwan,2016,0,0,0.0,0.0,11.52,0.0,2,0,2.0,0,0.0,0.0,0.0
PJ Sangwan,2017,2,4,1.0,50.0,9.76,1.0,5,0,0.0,0,0.4,0.8,0.5
PJ Sangwan,2018,0,5,0.0,0.0,9.5,0.0,1,0,2.0,0,0.0,5.0,0.0
PK Garg,2020,133,116,14.78,114.66,0.0,0.0,10,0,72.0,0,13.3,11.6,16.946748
PK Garg,2021,72,75,14.4,96.0,0.0,0.0,5,0,46.0,0,14.4,15.0,13.824000000000002
PK Garg,2022,46,33,23.0,139.39,0.0,0.0,2,0,22.0,0,23.0,16.5,32.0597
PN Mankad,2022,4,1,4.0,400.0,0.0,0.0,1,0,93.0,0,4.0,1.0,16.0
PP Chawla,2016,27,26,9.0,103.85,7.36,0.92,12,0,2.0,0,2.25,2.1666666666666665,9.346499999999999
PP Chawla,2017,2,6,2.0,33.33,8.7,1.0,6,0,27.0,0,0.3333333333333333,1.0,0.6666
PP Chawla,2018,27,36,6.75,75.0,8.31,0.93,15,0,42.0,0,1.8,2.4,5.0625
PP Chawla,2019,42,38,14.0,110.53,8.97,0.77,13,0,0.0,0,3.230769230769231,2.923076923076923,15.474200000000002
PP Chawla,2020,0,0,0.0,0.0,8.86,0.86,7,0,0.0,0,0.0,0.0,0.0
PP Chawla,2021,0,2,0.0,0.0,9.5,1.0,1,0,25.0,0,0.0,2.0,0.0
PP Chawla,2023,25,22,12.5,113.64,7.92,1.38,16,0,15.0,0,1.5625,1.375,14.205
PP Shaw,2018,245,165,27.22,148.48,0.0,0.0,9,0,353.0,1,27.22222222222222,18.333333333333332,40.416256
PP Shaw,2019,353,270,22.06,130.74,0.0,0.0,16,1,228.0,0,22.0625,16.875,28.841244000000003
PP Shaw,2020,228,170,17.54,134.12,0.0,0.0,13,0,479.0,1,17.53846153846154,13.076923076923077,23.524648
PP Shaw,2021,479,308,31.93,155.52,0.0,0.0,15,1,283.0,0,31.933333333333334,20.533333333333335,49.657536
PP Shaw,2022,283,193,28.3,146.63,0.0,0.0,10,0,106.0,0,28.3,19.3,41.49629
PP Shaw,2023,106,90,13.25,117.78,0.0,0.0,8,0,198.0,0,13.25,11.25,15.60585
PVD Chameera,2022,43,32,10.75,134.38,7.9,0.75,12,0,0.0,0,3.5833333333333335,2.6666666666666665,14.44585
PVD Chameera,2024,0,0,0.0,0.0,14.84,0.0,1,0,10.0,0,0.0,0.0,0.0
PWH de Silva,2021,1,2,1.0,50.0,10.0,0.0,2,0,38.0,0,0.5,1.0,0.5
PWH de Silva,2022,38,48,5.43,79.17,7.37,1.62,16,0,33.0,0,2.375,3.0,4.298931
PWH de Silva,2023,33,30,16.5,110.0,8.78,1.12,8,0,9.0,0,4.125,3.75,18.15
Q de Kock,2016,445,340,37.08,130.88,0.0,0.0,13,1,201.0,0,34.23076923076923,26.153846153846153,48.530303999999994
Q de Kock,2018,201,164,25.12,122.56,0.0,0.0,8,0,529.0,1,25.125,20.5,30.787072000000002
Q de Kock,2019,529,404,35.27,130.94,0.0,0.0,16,1,506.0,1,33.0625,25.25,46.182538
Q de Kock,2020,506,368,38.92,137.5,0.0,0.0,16,1,297.0,0,31.625,23.0,53.515
Q de Kock,2021,297,261,29.7,113.79,0.0,0.0,11,0,508.0,1,27.0,23.727272727272727,33.79563
Q de Kock,2022,508,350,36.29,145.14,0.0,0.0,15,1,143.0,0,33.86666666666667,23.333333333333332,52.671305999999994
Q de Kock,2023,143,103,35.75,138.83,0.0,0.0,4,0,250.0,0,35.75,25.75,49.631725
Q de Kock,2024,250,194,22.73,128.87,0.0,0.0,11,0,152.0,0,22.727272727272727,17.636363636363637,29.292151000000004
R Ashwin,2016,41,38,20.5,107.89,6.45,0.71,14,0,102.0,0,2.9285714285714284,2.7142857142857144,22.117449999999998
R Ashwin,2018,102,76,12.75,134.21,7.62,0.71,14,0,42.0,0,7.285714285714286,5.428571428571429,17.111775
R Ashwin,2019,42,28,8.4,150.0,6.81,1.07,14,0,37.0,0,3.0,2.0,12.6
R Ashwin,2020,37,34,12.33,108.82,7.4,0.87,15,0,44.0,0,2.466666666666667,2.2666666666666666,13.417505999999998
R Ashwin,2021,44,43,14.67,102.33,6.93,0.54,13,0,191.0,0,3.3846153846153846,3.3076923076923075,15.011811
R Ashwin,2022,191,140,27.29,136.43,6.95,0.71,17,0,67.0,0,11.235294117647058,8.235294117647058,37.231747
R Ashwin,2023,67,55,11.17,121.82,6.83,1.15,13,0,86.0,0,5.153846153846154,4.230769230769231,13.607294
R Ashwin,2024,86,76,14.33,113.16,7.61,0.64,14,0,33.0,0,6.142857142857143,5.428571428571429,16.215828
R Bhatia,2016,34,20,34.0,170.0,6.92,0.6,10,0,16.0,0,3.4,2.0,57.8
R Dhawan,2016,14,6,14.0,233.33,7.07,1.0,2,0,37.0,0,7.0,3.0,32.6662
R Dhawan,2022,37,41,18.5,90.24,7.61,1.0,6,0,20.0,0,6.166666666666667,6.833333333333333,16.694399999999998
R Dhawan,2023,20,12,10.0,166.67,8.57,0.2,5,0,0.0,0,4.0,2.4,16.666999999999998
R Parag,2019,160,133,32.0,120.3,8.64,0.29,7,0,86.0,0,22.857142857142858,19.0,38.496
R Parag,2020,86,81,12.29,106.17,11.54,0.0,8,0,93.0,0,10.75,10.125,13.048293
R Parag,2021,93,84,11.62,110.71,10.92,0.1,10,0,183.0,0,9.3,8.4,12.864501999999998
R Parag,2022,183,136,16.64,134.56,13.15,0.07,15,0,78.0,0,12.2,9.066666666666666,22.390784000000004
R Parag,2023,78,68,13.0,114.71,0.0,0.0,7,0,573.0,1,11.142857142857142,9.714285714285714,14.9123
R Parag,2024,573,407,52.09,140.79,8.21,0.0,14,1,397.0,1,40.92857142857143,29.071428571428573,73.337511
R Powell,2022,250,174,25.0,143.68,13.71,0.0,12,0,7.0,0,20.833333333333332,14.5,35.92
R Powell,2023,7,9,2.33,77.78,6.86,0.33,3,0,103.0,0,2.3333333333333335,3.0,1.8122740000000002
R Powell,2024,103,71,17.17,145.07,0.0,0.0,7,0,5.0,0,14.714285714285714,10.142857142857142,24.908519000000002
R Ravindra,2024,222,146,22.2,152.05,3.5,0.0,10,0,191.0,0,22.2,14.6,33.7551
R Sai Kishore,2022,0,0,0.0,0.0,7.29,1.2,5,0,13.0,0,0.0,0.0,0.0
R Sai Kishore,2024,13,6,13.0,216.67,8.65,1.4,5,0,5.0,0,2.6,1.2,28.1671
R Shepherd,2022,58,43,29.0,134.88,9.79,1.0,3,0,0.0,0,19.333333333333332,14.333333333333334,39.1152
R Shepherd,2023,0,1,0.0,0.0,0.0,0.0,1,0,57.0,0,0.0,1.0,0.0
R Shepherd,2024,57,24,28.5,237.5,12.16,0.17,6,0,70.0,0,9.5,4.0,67.6875
R Tewatia,2017,19,11,19.0,172.73,5.24,1.0,3,0,50.0,0,6.333333333333333,3.6666666666666665,32.8187
R Tewatia,2018,50,47,16.67,106.38,7.66,0.75,8,0,26.0,0,6.25,5.875,17.733546
R Tewatia,2019,26,22,26.0,118.18,6.31,0.5,4,0,255.0,0,6.5,5.5,30.726800000000004
R Tewatia,2020,255,187,42.5,136.36,6.63,0.71,14,0,155.0,0,18.214285714285715,13.357142857142858,57.953
R Tewatia,2021,155,152,15.5,101.97,8.72,0.57,14,0,217.0,0,11.071428571428571,10.857142857142858,15.80535
R Tewatia,2022,217,156,31.0,139.1,12.67,0.08,13,0,87.0,0,16.692307692307693,12.0,43.120999999999995
R Tewatia,2023,87,61,21.75,142.62,6.0,0.0,10,0,188.0,0,8.7,6.1,31.01985
R Tewatia,2024,188,139,26.86,135.25,0.0,0.0,9,0,99.0,0,20.88888888888889,15.444444444444445,36.32815
R Vinay Kumar,2016,13,12,13.0,108.33,6.42,1.0,3,0,0.0,0,4.333333333333333,4.0,14.0829
R Vinay Kumar,2017,0,0,0.0,0.0,8.4,2.0,1,0,6.0,0,0.0,0.0,0.0
RA Bawa,2022,11,14,5.5,78.57,0.0,0.0,2,0,8.0,0,5.5,7.0,4.32135
RA Jadeja,2016,191,189,21.22,101.06,7.41,0.53,15,0,158.0,0,12.733333333333333,12.6,21.444931999999998
RA Jadeja,2017,158,118,39.5,133.9,9.12,0.42,12,0,89.0,0,13.166666666666666,9.833333333333334,52.8905
RA Jadeja,2018,89,80,17.8,111.25,7.08,0.73,15,0,106.0,0,5.933333333333334,5.333333333333333,19.8025
RA Jadeja,2019,106,94,35.33,112.77,6.28,0.94,16,0,232.0,0,6.625,5.875,39.841640999999996
RA Jadeja,2020,232,142,46.4,163.38,8.55,0.43,14,0,227.0,0,16.571428571428573,10.142857142857142,75.80832
RA Jadeja,2021,227,170,75.67,133.53,6.8,0.81,16,0,116.0,0,14.1875,10.625,101.04215099999999
RA Jadeja,2022,116,105,19.33,110.48,7.18,0.5,10,0,190.0,0,11.6,10.5,21.355784
RA Jadeja,2023,190,138,23.75,137.68,7.24,1.25,16,0,267.0,0,11.875,8.625,32.699
RA Jadeja,2024,267,191,44.5,139.79,7.71,0.57,14,0,301.0,1,19.071428571428573,13.642857142857142,62.20655
RA Tripathi,2017,391,275,27.93,142.18,12.0,0.0,14,1,226.0,0,27.928571428571427,19.642857142857142,39.710874000000004
RA Tripathi,2018,226,173,25.11,130.64,0.0,0.0,12,0,141.0,0,18.833333333333332,14.416666666666666,32.803703999999996
RA Tripathi,2019,141,122,23.5,115.57,0.0,0.0,7,0,230.0,0,20.142857142857142,17.428571428571427,27.15895
RA Tripathi,2020,230,186,23.0,123.66,0.0,0.0,11,0,397.0,1,20.90909090909091,16.90909090909091,28.441799999999997
RA Tripathi,2021,397,285,28.36,139.3,0.0,0.0,16,1,413.0,1,24.8125,17.8125,39.505480000000006
RA Tripathi,2022,413,271,34.42,152.4,0.0,0.0,14,1,273.0,0,29.5,19.357142857142858,52.45608
RA Tripathi,2023,273,217,22.75,125.81,0.0,0.0,13,0,165.0,0,21.0,16.692307692307693,28.621775000000003
RA Tripathi,2024,165,121,27.5,136.36,0.0,0.0,6,0,55.0,0,27.5,20.166666666666668,37.499
RD Chahar,2017,3,2,3.0,150.0,7.04,1.0,2,0,12.0,0,1.5,1.0,4.5
RD Chahar,2019,12,11,6.0,109.09,6.33,1.0,13,0,2.0,0,0.9230769230769231,0.8461538461538461,6.5454
RD Chahar,2020,2,4,2.0,50.0,7.95,1.0,15,0,14.0,0,0.13333333333333333,0.26666666666666666,1.0
RD Chahar,2021,14,15,3.5,93.33,7.24,1.18,11,0,77.0,0,1.2727272727272727,1.3636363636363635,3.2665499999999996
RD Chahar,2022,77,70,12.83,110.0,7.12,1.08,13,0,0.0,0,5.923076923076923,5.384615384615385,14.113
RD Chahar,2023,0,10,0.0,0.0,7.61,0.57,14,0,21.0,0,0.0,0.7142857142857143,0.0
RD Chahar,2024,21,15,21.0,140.0,8.76,1.11,9,0,0.0,0,2.3333333333333335,1.6666666666666667,29.4
RD Gaikwad,2020,204,173,51.0,117.92,0.0,0.0,6,0,635.0,1,34.0,28.833333333333332,60.1392
RD Gaikwad,2021,635,474,45.36,133.97,0.0,0.0,16,1,368.0,1,39.6875,29.625,60.768792000000005
RD Gaikwad,2022,368,298,26.29,123.49,0.0,0.0,14,1,590.0,1,26.285714285714285,21.285714285714285,32.465520999999995
RD Gaikwad,2023,590,411,42.14,143.55,0.0,0.0,15,1,583.0,1,39.333333333333336,27.4,60.49197
RD Gaikwad,2024,583,425,53.0,137.18,0.0,0.0,14,1,122.0,0,41.642857142857146,30.357142857142858,72.7054
RG Sharma,2016,489,372,44.45,131.45,0.0,0.0,14,1,333.0,1,34.92857142857143,26.571428571428573,58.42952499999999
RG Sharma,2017,333,278,23.79,119.78,0.0,0.0,16,1,286.0,0,20.8125,17.375,28.495661999999996
RG Sharma,2018,286,223,23.83,128.25,0.0,0.0,14,0,405.0,1,20.428571428571427,15.928571428571429,30.561974999999997
RG Sharma,2019,405,319,28.93,126.96,0.0,0.0,15,1,334.0,1,27.0,21.266666666666666,36.729527999999995
RG Sharma,2020,334,275,27.83,121.45,0.0,0.0,12,1,381.0,1,27.833333333333332,22.916666666666668,33.799535
RG Sharma,2021,381,307,29.31,124.1,11.14,0.0,13,1,268.0,0,29.307692307692307,23.615384615384617,36.373709999999996
RG Sharma,2022,268,234,19.14,114.53,0.0,0.0,14,0,332.0,1,19.142857142857142,16.714285714285715,21.921042000000003
RG Sharma,2023,332,258,20.75,128.68,0.0,0.0,16,1,417.0,1,20.75,16.125,26.7011
RG Sharma,2024,417,293,32.08,142.32,0.0,0.0,14,1,418.0,1,29.785714285714285,20.928571428571427,45.65625599999999
RJ Gleeson,2024,2,2,2.0,100.0,7.88,0.5,2,0,0.0,0,1.0,1.0,2.0
RJW Topley,2023,0,0,0.0,0.0,7.0,1.0,1,0,3.0,0,0.0,0.0,0.0
RJW Topley,2024,3,6,3.0,50.0,10.29,1.0,4,0,0.0,0,0.75,1.5,1.5
RK Bhui,2018,0,5,0.0,0.0,0.0,0.0,1,0,7.0,0,0.0,5.0,0.0
RK Bhui,2019,7,13,7.0,53.85,0.0,0.0,1,0,3.0,0,7.0,13.0,3.7695
RK Singh,2018,29,34,7.25,85.29,0.0,0.0,4,0,37.0,0,7.25,8.5,6.183525
RK Singh,2019,37,34,18.5,108.82,0.0,0.0,3,0,11.0,0,12.333333333333334,11.333333333333334,20.1317
RK Singh,2020,11,11,11.0,100.0,0.0,0.0,1,0,174.0,0,11.0,11.0,11.0
RK Singh,2022,174,125,34.8,139.2,0.0,0.0,7,0,474.0,1,24.857142857142858,17.857142857142858,48.44159999999999
RK Singh,2023,474,333,59.25,142.34,0.0,0.0,14,1,168.0,0,33.857142857142854,23.785714285714285,84.33645
RK Singh,2024,168,117,18.67,143.59,0.0,0.0,11,0,206.0,0,15.272727272727273,10.636363636363637,26.808253000000004
RM Patidar,2021,71,65,17.75,109.23,0.0,0.0,4,0,333.0,1,17.75,16.25,19.388325
RM Patidar,2022,333,232,55.5,143.53,0.0,0.0,7,1,395.0,1,47.57142857142857,33.142857142857146,79.65915
RM Patidar,2024,395,237,30.38,166.67,0.0,0.0,13,1,312.0,1,30.384615384615383,18.23076923076923,50.634345999999994
RP Meredith,2021,0,0,0.0,0.0,8.83,0.8,5,0,0.0,0,0.0,0.0,0.0
RP Meredith,2022,0,1,0.0,0.0,7.13,1.0,8,0,0.0,0,0.0,0.125,0.0
RR Pant,2016,198,155,24.75,127.74,0.0,0.0,10,0,366.0,1,19.8,15.5,31.615650000000002
RR Pant,2017,366,226,26.14,161.95,0.0,0.0,14,1,684.0,1,26.142857142857142,16.142857142857142,42.333729999999996
RR Pant,2018,684,412,52.62,166.02,0.0,0.0,14,1,494.0,1,48.857142857142854,29.428571428571427,87.359724
RR Pant,2019,494,311,38.0,158.84,0.0,0.0,16,1,345.0,1,30.875,19.4375,60.3592
RR Pant,2020,345,319,31.36,108.15,0.0,0.0,14,1,424.0,1,24.642857142857142,22.785714285714285,33.91584
RR Pant,2021,424,343,35.33,123.62,0.0,0.0,16,1,340.0,1,26.5,21.4375,43.674946
RR Pant,2022,340,234,30.91,145.3,0.0,0.0,13,1,446.0,1,26.153846153846153,18.0,44.91223
RR Pant,2024,446,296,40.55,150.68,0.0,0.0,13,1,269.0,0,34.30769230769231,22.76923076923077,61.100739999999995
RR Rossouw,2023,209,148,29.86,141.22,0.0,0.0,9,0,211.0,0,23.22222222222222,16.444444444444443,42.168292
RV Patel,2021,25,29,25.0,86.21,6.0,0.0,2,0,6.0,0,12.5,14.5,21.5525
RV Patel,2022,6,3,6.0,200.0,0.0,0.0,1,0,49.0,0,6.0,3.0,12.0
RV Uthappa,2016,394,300,26.27,131.33,0.0,0.0,15,1,388.0,1,26.266666666666666,20.0,34.50039100000001
RV Uthappa,2017,388,239,29.85,162.34,0.0,0.0,13,1,351.0,1,29.846153846153847,18.384615384615383,48.458490000000005
RV Uthappa,2018,351,274,21.94,128.1,0.0,0.0,16,1,284.0,0,21.9375,17.125,28.105140000000002
RV Uthappa,2019,284,256,31.56,110.94,0.0,0.0,11,0,196.0,0,25.818181818181817,23.272727272727273,35.012664
RV Uthappa,2020,196,170,16.33,115.29,0.0,0.0,12,0,115.0,0,16.333333333333332,14.166666666666666,18.826857
RV Uthappa,2021,115,86,28.75,133.72,0.0,0.0,4,0,230.0,0,28.75,21.5,38.4445
Rahmanullah Gurbaz,2023,227,178,20.64,127.53,0.0,0.0,11,0,62.0,0,20.636363636363637,16.181818181818183,26.322192
Rahmanullah Gurbaz,2024,62,50,31.0,124.0,0.0,0.0,2,0,74.0,0,31.0,25.0,38.44
Ramandeep Singh,2022,45,42,22.5,107.14,7.17,1.2,5,0,125.0,0,9.0,8.4,24.1065
Ramandeep Singh,2024,125,64,31.25,195.31,13.5,0.0,9,0,47.0,0,13.88888888888889,7.111111111111111,61.034375
Rashid Khan,2017,11,9,5.5,122.22,6.44,1.21,14,0,59.0,0,0.7857142857142857,0.6428571428571429,6.7221
Rashid Khan,2018,59,32,11.8,184.38,6.64,1.24,17,0,34.0,0,3.4705882352941178,1.8823529411764706,21.75684
Rashid Khan,2019,34,26,6.8,130.77,6.21,1.13,15,0,35.0,0,2.2666666666666666,1.7333333333333334,8.89236
Rashid Khan,2020,35,32,8.75,109.38,5.19,1.25,16,0,83.0,0,2.1875,2.0,9.570749999999999
Rashid Khan,2021,83,71,10.38,116.9,6.34,1.29,14,0,91.0,0,5.928571428571429,5.071428571428571,12.134220000000003
Rashid Khan,2022,91,44,22.75,206.82,6.44,1.19,16,0,130.0,0,5.6875,2.75,47.05155
Rashid Khan,2023,130,66,32.5,196.97,8.06,1.59,17,0,102.0,0,7.647058823529412,3.8823529411764706,64.01525
Rashid Khan,2024,102,75,20.4,136.0,8.4,0.83,12,0,40.0,0,8.5,6.25,27.743999999999996
Rasikh Salam,2019,5,4,5.0,125.0,8.67,0.0,1,0,7.0,0,5.0,4.0,6.25
Rasikh Salam,2022,7,6,7.0,116.67,7.0,0.0,2,0,28.0,0,3.5,3.0,8.1669
Rasikh Salam,2024,28,30,7.0,93.33,10.0,1.12,8,0,0.0,0,3.5,3.75,6.533099999999999
Ravi Bishnoi,2020,7,12,7.0,58.33,6.83,0.86,14,0,1.0,0,0.5,0.8571428571428571,4.0831
Ravi Bishnoi,2021,1,5,1.0,20.0,6.14,1.33,9,0,0.0,0,0.1111111111111111,0.5555555555555556,0.2
Ravi Bishnoi,2022,0,1,0.0,0.0,7.76,0.93,14,0,20.0,0,0.0,0.07142857142857142,0.0
Ravi Bishnoi,2023,20,28,6.67,71.43,7.35,1.14,14,0,4.0,0,1.4285714285714286,2.0,4.764381
Ravi Bishnoi,2024,4,6,1.33,66.67,8.33,0.71,14,0,13.0,0,0.2857142857142857,0.42857142857142855,0.8867110000000001
S Aravind,2016,0,0,0.0,0.0,6.76,1.22,9,0,32.0,0,0.0,0.0,0.0
S Dhawan,2016,501,438,38.54,114.38,0.0,0.0,17,1,479.0,1,29.470588235294116,25.764705882352942,44.082052
S Dhawan,2017,479,383,36.85,125.07,0.0,0.0,14,1,497.0,1,34.214285714285715,27.357142857142858,46.088294999999995
S Dhawan,2018,497,379,35.5,131.13,0.0,0.0,16,1,521.0,1,31.0625,23.6875,46.55115
S Dhawan,2019,521,391,34.73,133.25,0.0,0.0,16,1,618.0,1,32.5625,24.4375,46.277725000000004
S Dhawan,2020,618,433,44.14,142.73,0.0,0.0,17,1,587.0,1,36.35294117647059,25.470588235294116,63.00102199999999
S Dhawan,2021,587,480,39.13,122.29,0.0,0.0,16,1,460.0,1,36.6875,30.0,47.85207700000001
S Dhawan,2022,460,395,38.33,116.46,0.0,0.0,14,1,373.0,1,32.857142857142854,28.214285714285715,44.639117999999996
S Dhawan,2023,373,275,37.3,135.64,0.0,0.0,11,1,152.0,0,33.90909090909091,25.0,50.59371999999999
S Dube,2019,40,33,13.33,121.21,3.82,0.0,4,0,129.0,0,10.0,8.25,16.157293
S Dube,2020,129,109,18.43,118.35,7.85,0.4,10,0,230.0,0,12.9,10.9,21.811904999999996
S Dube,2021,230,205,28.75,112.2,9.29,0.0,9,0,289.0,0,25.555555555555557,22.77777777777778,32.2575
S Dube,2022,289,194,28.9,148.97,14.57,0.0,11,0,418.0,1,26.272727272727273,17.636363636363637,43.052330000000005
S Dube,2023,418,277,38.0,150.9,0.0,0.0,14,1,396.0,1,29.857142857142858,19.785714285714285,57.342
S Dube,2024,396,259,36.0,152.9,14.0,0.07,14,1,357.0,1,28.285714285714285,18.5,55.044000000000004
S Gopal,2016,2,16,2.0,12.5,6.0,0.0,1,0,50.0,0,2.0,16.0,0.25
S Gopal,2018,50,47,16.67,106.38,7.47,1.1,10,0,63.0,0,5.0,4.7,17.733546
S Gopal,2019,63,46,15.75,136.96,7.18,1.43,14,0,37.0,0,4.5,3.2857142857142856,21.571200000000005
S Gopal,2020,37,41,9.25,90.24,8.3,0.71,14,0,7.0,0,2.642857142857143,2.9285714285714284,8.347199999999999
S Gopal,2021,7,5,7.0,140.0,12.0,0.0,3,0,9.0,0,2.3333333333333335,1.6666666666666667,9.8
S Gopal,2022,9,7,9.0,128.57,11.33,1.0,1,0,0.0,0,9.0,7.0,11.571299999999999
S Kaul,2017,0,2,0.0,0.0,7.95,1.6,10,0,3.0,0,0.0,0.2,0.0
S Kaul,2018,3,14,1.0,21.43,8.07,1.24,17,0,0.0,0,0.17647058823529413,0.8235294117647058,0.2143
S Kaul,2019,0,1,0.0,0.0,8.34,0.86,7,0,0.0,0,0.0,0.14285714285714285,0.0
S Kaul,2020,0,0,0.0,0.0,14.31,2.0,1,0,8.0,0,0.0,0.0,0.0
S Kaul,2021,8,8,8.0,100.0,8.15,0.88,8,0,0.0,0,1.0,1.0,8.0
S Kaushik,2016,0,1,0.0,0.0,7.94,0.86,7,0,0.0,0,0.0,0.14285714285714285,0.0
S Lamichhane,2018,0,0,0.0,0.0,6.66,1.67,3,0,0.0,0,0.0,0.0,0.0
S Nadeem,2016,1,5,1.0,20.0,8.31,0.5,4,0,2.0,0,0.25,1.25,0.2
S Nadeem,2017,2,9,0.67,22.22,6.33,0.86,7,0,6.0,0,0.2857142857142857,1.2857142857142858,0.148874
S Nadeem,2018,6,8,6.0,75.0,10.37,0.5,6,0,0.0,0,1.0,1.3333333333333333,4.5
S Nadeem,2019,0,0,0.0,0.0,10.0,0.67,3,0,7.0,0,0.0,0.0,0.0
S Nadeem,2020,7,8,7.0,87.5,7.58,0.71,7,0,0.0,0,1.0,1.1428571428571428,6.125
S Sandeep Warrier,2019,0,0,0.0,0.0,6.9,0.67,3,0,0.0,0,0.0,0.0,0.0
S Sandeep Warrier,2020,0,0,0.0,0.0,8.86,0.0,1,0,0.0,0,0.0,0.0,0.0
S Sandeep Warrier,2021,0,0,0.0,0.0,7.5,0.0,1,0,0.0,0,0.0,0.0,0.0
SA Yadav,2016,182,148,26.0,122.97,0.0,0.0,11,0,105.0,0,16.545454545454547,13.454545454545455,31.972199999999997
SA Yadav,2017,105,89,17.5,117.98,0.0,0.0,7,0,512.0,1,15.0,12.714285714285714,20.6465
SA Yadav,2018,512,391,36.57,130.95,0.0,0.0,14,1,424.0,1,36.57142857142857,27.928571428571427,47.888414999999995
SA Yadav,2019,424,327,32.62,129.66,0.0,0.0,15,1,480.0,1,28.266666666666666,21.8,42.295092
SA Yadav,2020,480,340,40.0,141.18,0.0,0.0,15,1,317.0,1,32.0,22.666666666666668,56.47200000000001
SA Yadav,2021,317,226,22.64,140.27,0.0,0.0,14,1,303.0,1,22.642857142857142,16.142857142857142,31.757128
SA Yadav,2022,303,210,43.29,144.29,0.0,0.0,8,1,605.0,1,37.875,26.25,62.46314099999999
SA Yadav,2023,605,340,43.21,177.94,0.0,0.0,16,1,345.0,1,37.8125,21.25,76.887874
SA Yadav,2024,345,209,34.5,165.07,0.0,0.0,11,1,717.0,1,31.363636363636363,19.0,56.94915
SB Dubey,2024,33,21,16.5,157.14,0.0,0.0,3,0,106.0,0,11.0,7.0,25.9281
SB Jakati,2016,1,2,1.0,50.0,8.54,0.33,6,0,0.0,0,0.16666666666666666,0.3333333333333333,0.5
SE Marsh,2016,159,134,31.8,118.66,0.0,0.0,6,0,264.0,0,26.5,22.333333333333332,37.73388
SE Rutherford,2019,73,55,14.6,132.73,7.04,0.14,7,0,33.0,0,10.428571428571429,7.857142857142857,19.378579999999996
SE Rutherford,2022,33,52,16.5,63.46,0.0,0.0,2,0,291.0,0,16.5,26.0,10.470899999999999
SH Johnson,2024,6,7,6.0,85.71,8.97,0.8,5,0,2.0,0,1.2,1.4,5.1426
SK Raina,2016,399,321,28.5,124.3,7.97,0.0,15,1,442.0,1,26.6,21.4,35.4255
SK Raina,2017,442,310,40.18,142.58,8.5,0.07,14,1,445.0,1,31.571428571428573,22.142857142857142,57.288644000000005
SK Raina,2018,445,354,37.08,125.71,0.0,0.0,15,1,383.0,1,29.666666666666668,23.6,46.613268
SK Raina,2019,383,321,23.94,119.31,6.0,0.0,17,1,160.0,0,22.529411764705884,18.88235294117647,28.562814000000003
SL Malinga,2017,7,3,7.0,233.33,7.53,0.92,12,0,0.0,0,0.5833333333333334,0.25,16.3331
SM Curran,2019,95,55,23.75,172.73,9.1,1.11,9,0,186.0,0,10.555555555555555,6.111111111111111,41.023374999999994
SM Curran,2020,186,145,23.25,128.28,7.49,0.93,14,0,56.0,0,13.285714285714286,10.357142857142858,29.825100000000003
SM Curran,2021,56,30,18.67,186.67,9.1,1.0,9,0,276.0,0,6.222222222222222,3.3333333333333335,34.851289
SM Curran,2023,276,213,27.6,129.58,9.57,0.71,14,0,270.0,0,19.714285714285715,15.214285714285714,35.76408000000001
SM Curran,2024,270,230,27.0,117.39,9.64,1.23,13,0,114.0,0,20.76923076923077,17.692307692307693,31.695300000000003
SN Khan,2016,66,31,33.0,212.9,0.0,0.0,4,0,51.0,0,16.5,7.75,70.257
SN Khan,2018,51,43,10.2,118.6,0.0,0.0,6,0,180.0,0,8.5,7.166666666666667,12.097199999999997
SN Khan,2019,180,145,45.0,124.14,18.0,0.0,5,0,33.0,0,36.0,29.0,55.863
SN Khan,2020,33,30,16.5,110.0,0.0,0.0,3,0,0.0,0,11.0,10.0,18.15
SN Khan,2021,0,4,0.0,0.0,0.0,0.0,2,0,91.0,0,0.0,2.0,0.0
SN Khan,2022,91,69,30.33,131.88,0.0,0.0,5,0,53.0,0,18.2,13.8,39.99920399999999
SN Thakur,2017,0,3,0.0,0.0,7.56,0.92,12,0,15.0,0,0.0,0.25,0.0
SN Thakur,2018,15,5,15.0,300.0,8.46,1.23,13,0,14.0,0,1.1538461538461537,0.38461538461538464,45.0
SN Thakur,2019,14,7,7.0,200.0,8.56,0.89,9,0,12.0,0,1.5555555555555556,0.7777777777777778,14.0
SN Thakur,2020,12,21,12.0,57.14,7.86,1.11,9,0,5.0,0,1.3333333333333333,2.3333333333333335,6.856800000000001
SN Thakur,2021,5,6,2.5,83.33,7.7,1.31,16,0,120.0,0,0.3125,0.375,2.08325
SN Thakur,2022,120,90,15.0,133.33,8.44,1.07,14,0,113.0,0,8.571428571428571,6.428571428571429,19.9995
SN Thakur,2023,113,72,14.12,156.94,9.73,0.7,10,0,21.0,0,11.3,7.2,22.159928
SN Thakur,2024,21,18,21.0,116.67,9.2,0.56,9,0,18.0,0,2.3333333333333335,2.0,24.500700000000002
SO Hetmyer,2019,90,76,18.0,118.42,0.0,0.0,5,0,185.0,0,18.0,15.2,21.3156
SO Hetmyer,2020,185,127,23.12,145.67,0.0,0.0,11,0,242.0,0,16.818181818181817,11.545454545454545,33.678903999999996
SO Hetmyer,2021,242,153,34.57,158.17,0.0,0.0,12,0,314.0,1,20.166666666666668,12.75,54.679368999999994
SO Hetmyer,2022,314,221,44.86,142.08,0.0,0.0,15,1,299.0,0,20.933333333333334,14.733333333333333,63.737088
SO Hetmyer,2023,299,205,37.38,145.85,0.0,0.0,13,0,113.0,0,23.0,15.76923076923077,54.518730000000005
SO Hetmyer,2024,113,72,22.6,156.94,0.0,0.0,9,0,245.0,0,12.555555555555555,8.0,35.46844
SP Goswami,2018,52,42,17.33,123.81,0.0,0.0,3,0,0.0,0,17.333333333333332,14.0,21.456272999999996
SP Jackson,2017,38,31,19.0,122.58,0.0,0.0,3,0,23.0,0,12.666666666666666,10.333333333333334,23.2902
SP Narine,2016,7,14,7.0,50.0,6.73,1.0,11,0,224.0,0,0.6363636363636364,1.2727272727272727,3.5
SP Narine,2017,224,135,17.23,165.93,6.53,0.62,16,0,357.0,1,14.0,8.4375,28.589739000000005
SP Narine,2018,357,198,22.31,180.3,7.47,1.06,16,1,143.0,0,22.3125,12.375,40.22493
SP Narine,2019,143,90,17.88,158.89,7.38,0.83,12,0,121.0,0,11.916666666666666,7.5,28.409531999999995
SP Narine,2020,121,92,13.44,131.52,7.83,0.5,10,0,62.0,0,12.1,9.2,17.676288000000003
SP Narine,2021,62,51,7.75,121.57,6.16,1.14,14,0,71.0,0,4.428571428571429,3.642857142857143,9.421674999999999
SP Narine,2022,71,40,8.88,177.5,5.35,0.64,14,0,21.0,0,5.071428571428571,2.857142857142857,15.762
SP Narine,2023,21,28,3.0,75.0,7.58,0.79,14,0,488.0,1,1.5,2.0,2.25
SP Narine,2024,488,292,34.86,167.12,6.52,1.21,14,1,246.0,0,34.857142857142854,20.857142857142858,58.258032
SPD Smith,2016,270,184,45.0,146.74,0.0,0.0,7,0,472.0,1,38.57142857142857,26.285714285714285,66.033
SPD Smith,2017,472,400,39.33,118.0,0.0,0.0,15,1,319.0,1,31.466666666666665,26.666666666666668,46.4094
SPD Smith,2019,319,283,39.88,112.72,0.0,0.0,10,1,311.0,1,31.9,28.3,44.952736
SPD Smith,2020,311,247,25.92,125.91,0.0,0.0,14,1,152.0,0,22.214285714285715,17.642857142857142,32.635872
SR Watson,2016,179,135,13.77,132.59,7.72,1.25,16,0,71.0,0,11.1875,8.4375,18.257643
SR Watson,2017,71,80,11.83,88.75,8.76,0.62,8,0,555.0,1,8.875,10.0,10.499125
SR Watson,2018,555,368,39.64,150.82,8.28,0.4,15,1,398.0,1,37.0,24.533333333333335,59.785047999999996
SR Watson,2019,398,321,23.41,123.99,0.0,0.0,17,1,299.0,0,23.41176470588235,18.88235294117647,29.026059
SS Iyer,2016,30,46,5.0,65.22,0.0,0.0,6,0,338.0,1,5.0,7.666666666666667,3.261
SS Iyer,2017,338,249,33.8,135.74,0.0,0.0,12,1,411.0,1,28.166666666666668,20.75,45.88012
SS Iyer,2018,411,317,37.36,129.65,0.0,0.0,13,1,467.0,1,31.615384615384617,24.384615384615383,48.43724
SS Iyer,2019,467,399,33.36,117.04,0.0,0.0,16,1,519.0,1,29.1875,24.9375,39.044544
SS Iyer,2020,519,433,34.6,119.86,0.0,0.0,17,1,175.0,0,30.529411764705884,25.470588235294116,41.47156
SS Iyer,2021,175,181,35.0,96.69,0.0,0.0,8,0,401.0,1,21.875,22.625,33.8415
SS Iyer,2022,401,310,30.85,129.35,7.0,0.0,14,1,351.0,1,28.642857142857142,22.142857142857142,39.904475000000005
SS Iyer,2024,351,250,39.0,140.4,0.0,0.0,14,1,604.0,1,25.071428571428573,17.857142857142858,54.756
SS Prabhudessai,2022,67,62,13.4,108.06,0.0,0.0,5,0,35.0,0,13.4,12.4,14.48004
SS Prabhudessai,2023,35,32,8.75,109.38,0.0,0.0,4,0,24.0,0,8.75,8.0,9.570749999999999
SS Tiwary,2016,170,149,24.29,114.09,0.0,0.0,7,0,52.0,0,24.285714285714285,21.285714285714285,27.712460999999998
SS Tiwary,2017,52,46,52.0,113.04,0.0,0.0,1,0,103.0,0,52.0,46.0,58.7808
SS Tiwary,2020,103,81,20.6,127.16,0.0,0.0,5,0,115.0,0,20.6,16.2,26.194960000000002
STR Binny,2016,63,41,15.75,153.66,7.62,0.08,12,0,78.0,0,5.25,3.4166666666666665,24.20145
STR Binny,2017,78,77,15.6,101.3,7.95,0.57,7,0,44.0,0,11.142857142857142,11.0,15.8028
STR Binny,2018,44,39,8.8,112.82,13.29,0.0,5,0,70.0,0,8.8,7.8,9.92816
SV Samson,2016,291,265,26.45,109.81,0.0,0.0,14,0,386.0,1,20.785714285714285,18.928571428571427,29.044745
SV Samson,2017,386,275,27.57,140.36,0.0,0.0,14,1,441.0,1,27.571428571428573,19.642857142857142,38.697252000000006
SV Samson,2018,441,325,31.5,135.69,0.0,0.0,15,1,342.0,1,29.4,21.666666666666668,42.742349999999995
SV Samson,2019,342,238,38.0,143.7,0.0,0.0,11,1,375.0,1,31.09090909090909,21.636363636363637,54.605999999999995
SV Samson,2020,375,242,28.85,154.96,0.0,0.0,14,1,484.0,1,26.785714285714285,17.285714285714285,44.705960000000005
SV Samson,2021,484,372,40.33,130.11,0.0,0.0,14,1,458.0,1,34.57142857142857,26.571428571428573,52.473363
SV Samson,2022,458,321,28.62,142.68,0.0,0.0,17,1,362.0,1,26.941176470588236,18.88235294117647,40.835016
SV Samson,2023,362,240,30.17,150.83,0.0,0.0,14,1,531.0,1,25.857142857142858,17.142857142857142,45.505411
SV Samson,2024,531,367,48.27,144.69,0.0,0.0,15,1,285.0,0,35.4,24.466666666666665,69.841863
SW Billings,2016,88,66,22.0,133.33,0.0,0.0,4,0,138.0,0,22.0,16.5,29.332600000000003
SW Billings,2017,138,107,23.0,128.97,0.0,0.0,6,0,108.0,0,23.0,17.833333333333332,29.6631
SW Billings,2018,108,78,13.5,138.46,0.0,0.0,8,0,0.0,0,13.5,9.75,18.6921
SW Billings,2019,0,5,0.0,0.0,0.0,0.0,1,0,169.0,0,0.0,5.0,0.0
Sachin Baby,2016,119,82,29.75,145.12,4.8,0.25,8,0,15.0,0,14.875,10.25,43.173199999999994
Sachin Baby,2017,15,17,5.0,88.24,0.0,0.0,3,0,7.0,0,5.0,5.666666666666667,4.412
Sameer Rizvi,2024,51,43,12.75,118.6,0.0,0.0,5,0,121.0,0,10.2,8.6,15.1215
Sandeep Sharma,2016,8,9,8.0,88.89,6.93,1.07,14,0,7.0,0,0.5714285714285714,0.6428571428571429,7.1112
Sandeep Sharma,2017,7,7,7.0,100.0,7.72,1.31,13,0,0.0,0,0.5384615384615384,0.5384615384615384,7.0
Sandeep Sharma,2018,0,4,0.0,0.0,7.12,1.0,12,0,6.0,0,0.0,0.3333333333333333,0.0
Sandeep Sharma,2019,6,4,6.0,150.0,7.77,1.09,11,0,12.0,0,0.5454545454545454,0.36363636363636365,9.0
Sandeep Sharma,2020,12,15,6.0,80.0,6.98,1.08,13,0,8.0,0,0.9230769230769231,1.1538461538461537,4.8
Sandeep Sharma,2021,8,7,8.0,114.29,8.23,0.43,7,0,0.0,0,1.1428571428571428,1.0,9.1432
Sandeep Sharma,2022,0,0,0.0,0.0,6.95,0.4,5,0,2.0,0,0.0,0.0,0.0
Sandeep Sharma,2023,2,7,2.0,28.57,7.9,0.83,12,0,0.0,0,0.16666666666666666,0.5833333333333334,0.5714
Sandeep Sharma,2024,0,0,0.0,0.0,7.7,1.3,10,0,6.0,0,0.0,0.0,0.0
Sanvir Singh,2023,11,9,11.0,122.22,0.0,0.0,2,0,14.0,0,5.5,4.5,13.4442
Shahbaz Ahmed,2020,1,1,1.0,100.0,6.97,1.0,2,0,59.0,0,0.5,0.5,1.0
Shahbaz Ahmed,2021,59,55,8.43,107.27,6.57,0.88,8,0,219.0,0,7.375,6.875,9.042860999999998
Shahbaz Ahmed,2022,219,197,27.38,111.17,8.89,0.25,16,0,42.0,0,13.6875,12.3125,30.438346000000003
Shahbaz Ahmed,2023,42,41,10.5,102.44,13.57,0.12,8,0,215.0,0,5.25,5.125,10.7562
Shahbaz Ahmed,2024,215,173,23.89,124.28,9.72,0.44,16,0,9.0,0,13.4375,10.8125,29.690492
Shakib Al Hasan,2016,114,108,22.8,105.56,7.55,0.5,10,0,1.0,0,11.4,10.8,24.06768
Shakib Al Hasan,2017,1,1,1.0,100.0,10.33,0.0,1,0,239.0,0,1.0,1.0,1.0
Shakib Al Hasan,2018,239,203,21.73,117.73,7.84,0.82,17,0,9.0,0,14.058823529411764,11.941176470588236,25.582729
Shakib Al Hasan,2019,9,11,9.0,81.82,8.55,0.67,3,0,47.0,0,3.0,3.6666666666666665,7.363799999999999
Shashank Singh,2022,69,47,17.25,146.81,8.77,0.0,6,0,354.0,1,11.5,7.833333333333333,25.324724999999997
Shashank Singh,2024,354,225,44.25,157.33,5.0,0.07,14,1,350.0,1,25.285714285714285,16.071428571428573,69.618525
Shivam Mavi,2018,13,15,4.33,86.67,8.65,0.56,9,0,10.0,0,1.4444444444444444,1.6666666666666667,3.7528110000000003
Shivam Mavi,2020,10,14,5.0,71.43,7.63,1.12,8,0,25.0,0,1.25,1.75,3.5715000000000003
Shivam Mavi,2021,25,21,12.5,119.05,6.53,1.22,9,0,3.0,0,2.7777777777777777,2.3333333333333335,14.88125
Shubman Gill,2018,203,142,33.83,142.96,0.0,0.0,10,0,296.0,0,20.3,14.2,48.363368
Shubman Gill,2019,296,242,32.89,122.31,0.0,0.0,13,0,440.0,1,22.76923076923077,18.615384615384617,40.227759
Shubman Gill,2020,440,382,33.85,115.18,0.0,0.0,14,1,478.0,1,31.428571428571427,27.285714285714285,38.98843
Shubman Gill,2021,478,415,28.12,115.18,0.0,0.0,17,1,483.0,1,28.11764705882353,24.41176470588235,32.388616
Shubman Gill,2022,483,374,34.5,129.14,0.0,0.0,16,1,890.0,1,30.1875,23.375,44.5533
Shubman Gill,2023,890,582,59.33,152.92,0.0,0.0,17,1,426.0,1,52.35294117647059,34.23529411764706,90.727436
Shubman Gill,2024,426,295,38.73,144.41,0.0,0.0,12,1,650.0,1,35.5,24.583333333333332,55.929992999999996
Sikandar Raza,2023,139,104,27.8,133.65,8.76,0.43,7,0,43.0,0,19.857142857142858,14.857142857142858,37.154700000000005
Simarjeet Singh,2022,7,8,7.0,87.5,6.85,0.67,6,0,0.0,0,1.1666666666666667,1.3333333333333333,6.125
Simarjeet Singh,2024,0,0,0.0,0.0,8.48,1.25,4,0,3.0,0,0.0,0.0,0.0
Suyash Sharma,2023,0,0,0.0,0.0,7.93,0.91,11,0,0.0,0,0.0,0.0,0.0
Suyash Sharma,2024,0,0,0.0,0.0,12.0,0.0,2,0,0.0,0,0.0,0.0,0.0
Swapnil Singh,2016,0,1,0.0,0.0,9.67,0.0,1,0,12.0,0,0.0,1.0,0.0
Swapnil Singh,2017,12,19,6.0,63.16,8.37,0.25,4,0,2.0,0,3.0,4.75,3.7895999999999996
Swapnil Singh,2023,2,4,2.0,50.0,9.0,0.0,2,0,37.0,0,1.0,2.0,1.0
T Natarajan,2017,0,0,0.0,0.0,7.98,0.33,6,0,3.0,0,0.0,0.0,0.0
T Natarajan,2020,3,5,3.0,60.0,7.59,1.0,16,0,0.0,0,0.1875,0.3125,1.8
T Natarajan,2021,0,0,0.0,0.0,8.04,1.0,2,0,0.0,0,0.0,0.0,0.0
T Natarajan,2022,0,0,0.0,0.0,8.54,1.64,11,0,0.0,0,0.0,0.0,0.0
T Natarajan,2023,0,0,0.0,0.0,8.78,0.83,12,0,0.0,0,0.0,0.0,0.0
T Natarajan,2024,0,0,0.0,0.0,7.97,1.36,14,0,0.0,0,0.0,0.0,0.0
T Shamsi,2016,0,0,0.0,0.0,9.19,0.75,4,0,2.0,0,0.0,0.0,0.0
T Stubbs,2022,2,4,1.0,50.0,0.0,0.0,2,0,25.0,0,1.0,2.0,0.5
T Stubbs,2023,25,31,12.5,80.65,7.0,0.5,2,0,378.0,1,12.5,15.5,10.08125
T Stubbs,2024,378,204,54.0,185.29,6.46,0.21,14,1,306.0,1,27.0,14.571428571428571,100.0566
TA Boult,2016,0,0,0.0,0.0,8.54,1.0,1,0,5.0,0,0.0,0.0,0.0
TA Boult,2017,5,8,5.0,62.5,8.55,0.83,6,0,0.0,0,0.8333333333333334,1.3333333333333333,3.125
TA Boult,2018,0,2,0.0,0.0,8.33,1.29,14,0,7.0,0,0.0,0.14285714285714285,0.0
TA Boult,2019,7,4,7.0,175.0,7.8,1.0,5,0,0.0,0,1.4,0.8,12.25
TA Boult,2020,0,1,0.0,0.0,7.9,1.67,15,0,1.0,0,0.0,0.06666666666666667,0.0
TA Boult,2021,1,4,1.0,25.0,7.44,0.93,14,0,40.0,0,0.07142857142857142,0.2857142857142857,0.25
TA Boult,2022,40,30,20.0,133.33,7.33,1.0,16,0,16.0,0,2.5,1.875,26.666000000000004
TA Boult,2023,16,17,16.0,94.12,7.66,1.3,10,0,14.0,0,1.6,1.7,15.0592
TA Boult,2024,14,16,7.0,87.5,7.66,1.07,15,0,2.0,0,0.9333333333333333,1.0666666666666667,6.125
TG Southee,2016,30,20,10.0,150.0,7.14,0.82,11,0,7.0,0,2.727272727272727,1.8181818181818181,15.0
TG Southee,2017,7,3,7.0,233.33,8.18,1.0,3,0,52.0,0,2.3333333333333335,1.0,16.3331
TG Southee,2018,52,46,26.0,113.04,8.26,0.62,8,0,9.0,0,6.5,5.75,29.3904
TG Southee,2019,9,9,9.0,100.0,11.38,0.33,3,0,3.0,0,3.0,3.0,9.0
TG Southee,2021,3,5,3.0,60.0,7.54,1.0,3,0,2.0,0,1.0,1.6666666666666667,1.8
TG Southee,2022,2,12,0.5,16.67,7.23,1.56,9,0,0.0,0,0.2222222222222222,1.3333333333333333,0.08335000000000001
TH David,2021,1,3,1.0,33.33,0.0,0.0,1,0,186.0,0,1.0,3.0,0.3333
TH David,2022,186,91,37.2,204.4,0.0,0.0,8,0,231.0,0,23.25,11.375,76.03680000000001
TH David,2023,231,155,25.67,149.03,0.0,0.0,15,0,241.0,0,15.4,10.333333333333334,38.256001
TH David,2024,241,168,30.12,143.45,0.0,0.0,11,0,187.0,0,21.90909090909091,15.272727272727273,43.20714
TK Curran,2018,23,28,7.67,82.14,10.78,1.2,5,0,83.0,0,4.6,5.6,6.300138
TK Curran,2020,83,63,83.0,131.75,10.4,0.6,5,0,21.0,0,16.6,12.6,109.3525
TL Seifert,2021,2,5,2.0,40.0,0.0,0.0,1,0,24.0,0,2.0,5.0,0.8
TM Head,2016,54,42,27.0,128.57,0.0,0.0,3,0,151.0,0,18.0,14.0,34.713899999999995
TM Head,2017,151,109,30.2,138.53,10.12,0.29,7,0,567.0,1,21.571428571428573,15.571428571428571,41.836059999999996
TM Head,2024,567,307,40.5,184.69,19.2,0.0,15,1,374.0,1,37.8,20.466666666666665,74.79945
TS Mills,2017,8,11,2.67,72.73,7.78,1.0,5,0,0.0,0,1.6,2.2,1.941891
TU Deshpande,2020,21,12,21.0,175.0,10.04,0.6,5,0,0.0,0,4.2,2.4,36.75
TU Deshpande,2022,0,0,0.0,0.0,8.65,0.5,2,0,0.0,0,0.0,0.0,0.0
TU Deshpande,2023,0,1,0.0,0.0,8.76,1.31,16,0,0.0,0,0.0,0.0625,0.0
TU Deshpande,2024,0,2,0.0,0.0,7.76,1.31,13,0,7.0,0,0.0,0.15384615384615385,0.0
Tilak Varma,2022,397,313,36.09,126.84,6.5,0.0,14,1,343.0,1,28.357142857142858,22.357142857142858,45.77655600000001
Tilak Varma,2023,343,226,42.88,151.77,5.14,0.0,11,1,416.0,1,31.181818181818183,20.545454545454547,65.07897600000001
Tilak Varma,2024,416,291,41.6,142.96,12.0,0.0,13,1,343.0,1,32.0,22.384615384615383,59.471360000000004
UT Yadav,2016,9,6,9.0,150.0,8.36,1.11,9,0,10.0,0,1.0,0.6666666666666666,13.5
UT Yadav,2017,10,13,10.0,76.92,7.78,1.21,14,0,3.0,0,0.7142857142857143,0.9285714285714286,7.692
UT Yadav,2018,3,12,0.75,25.0,7.36,1.43,14,0,25.0,0,0.21428571428571427,0.8571428571428571,0.1875
UT Yadav,2019,25,26,12.5,96.15,9.08,0.73,11,0,0.0,0,2.272727272727273,2.3636363636363638,12.01875
UT Yadav,2020,0,2,0.0,0.0,10.3,0.0,2,0,55.0,0,0.0,1.0,0.0
UT Yadav,2022,55,41,13.75,134.15,6.67,1.33,12,0,19.0,0,4.583333333333333,3.4166666666666665,18.445625
UT Yadav,2023,19,20,9.5,95.0,9.67,0.12,8,0,12.0,0,2.375,2.5,9.025
Umran Malik,2021,0,0,0.0,0.0,7.44,0.67,3,0,4.0,0,0.0,0.0,0.0
Umran Malik,2022,4,8,4.0,50.0,8.01,1.57,14,0,19.0,0,0.2857142857142857,0.5714285714285714,2.0
Umran Malik,2023,19,8,19.0,237.5,10.02,0.62,8,0,0.0,0,2.375,1.0,45.125
V Kohli,2016,973,655,81.08,148.55,8.25,0.0,16,1,308.0,1,60.8125,40.9375,120.44434000000001
V Kohli,2017,308,257,30.8,119.84,0.0,0.0,10,1,530.0,1,30.8,25.7,36.91072
V Kohli,2018,530,385,48.18,137.66,0.0,0.0,14,1,464.0,1,37.857142857142854,27.5,66.32458799999999
V Kohli,2019,464,332,33.14,139.76,0.0,0.0,14,1,471.0,1,33.142857142857146,23.714285714285715,46.316463999999996
V Kohli,2020,471,402,42.82,117.16,0.0,0.0,15,1,405.0,1,31.4,26.8,50.167911999999994
V Kohli,2021,405,347,28.93,116.71,0.0,0.0,15,1,341.0,1,27.0,23.133333333333333,33.764202999999995
V Kohli,2022,341,306,22.73,111.44,0.0,0.0,16,1,639.0,1,21.3125,19.125,25.330312
V Kohli,2023,639,473,53.25,135.1,0.0,0.0,14,1,741.0,1,45.642857142857146,33.785714285714285,71.94075
V Kohli,2024,741,497,61.75,149.09,0.0,0.0,15,1,657.0,1,49.4,33.13333333333333,92.06307500000001
V Shankar,2017,101,77,50.5,131.17,0.0,0.0,4,0,212.0,0,25.25,19.25,66.24085
V Shankar,2018,212,156,53.0,135.9,9.53,0.09,11,0,244.0,0,19.272727272727273,14.181818181818182,72.027
V Shankar,2019,244,196,20.33,124.49,7.62,0.07,14,0,97.0,0,17.428571428571427,14.0,25.308816999999998
V Shankar,2020,97,99,24.25,97.98,5.5,0.57,7,0,58.0,0,13.857142857142858,14.142857142857142,23.76015
V Shankar,2021,58,52,11.6,111.54,7.75,0.5,6,0,19.0,0,9.666666666666666,8.666666666666666,12.93864
V Shankar,2022,19,36,4.75,52.78,8.4,0.0,4,0,301.0,1,4.75,9.0,2.50705
V Shankar,2023,301,199,37.62,151.26,0.0,0.0,10,1,83.0,0,30.1,19.9,56.904011999999994
V Shankar,2024,83,75,16.6,110.67,0.0,0.0,7,0,118.0,0,11.857142857142858,10.714285714285714,18.371220000000005
VG Arora,2022,5,14,2.5,35.71,8.78,0.6,5,0,3.0,0,1.0,2.8,0.89275
VG Arora,2023,3,2,3.0,150.0,7.51,1.0,5,0,1.0,0,0.6,0.4,4.5
VG Arora,2024,1,1,1.0,100.0,7.61,1.1,10,0,0.0,0,0.1,0.1,1.0
VR Aaron,2016,0,0,0.0,0.0,8.28,0.25,8,0,4.0,0,0.0,0.0,0.0
VR Aaron,2017,4,11,4.0,36.36,7.16,1.17,6,0,3.0,0,0.6666666666666666,1.8333333333333333,1.4544
VR Aaron,2019,3,7,3.0,42.86,9.24,0.8,5,0,1.0,0,0.6,1.4,1.2857999999999998
VR Aaron,2020,1,10,1.0,10.0,9.67,0.0,3,0,0.0,0,0.3333333333333333,3.3333333333333335,0.1
VR Iyer,2021,370,299,41.11,123.75,7.33,0.3,10,1,182.0,0,37.0,29.9,50.873625000000004
VR Iyer,2022,182,175,16.55,104.0,11.5,0.0,12,0,404.0,1,15.166666666666666,14.583333333333334,17.212
VR Iyer,2023,404,288,28.86,140.28,0.0,0.0,14,1,370.0,1,28.857142857142858,20.571428571428573,40.484808
VR Iyer,2024,370,238,46.25,155.46,28.0,0.0,13,1,142.0,0,28.46153846153846,18.307692307692307,71.90025
Vijaykumar Vyshak,2023,13,10,13.0,130.0,9.57,1.29,7,0,1.0,0,1.8571428571428572,1.4285714285714286,16.9
Vijaykumar Vyshak,2024,1,3,1.0,33.33,9.27,1.0,4,0,0.0,0,0.25,0.75,0.3333
Vishnu Vinod,2017,19,26,6.33,73.08,0.0,0.0,3,0,37.0,0,6.333333333333333,8.666666666666666,4.625964
WG Jacks,2024,230,133,32.86,172.93,10.69,0.25,8,0,233.0,0,28.75,16.625,56.824798
WP Saha,2016,270,214,24.55,126.17,0.0,0.0,12,0,234.0,0,22.5,17.833333333333332,30.974735
WP Saha,2017,234,194,23.4,120.62,0.0,0.0,11,0,122.0,0,21.272727272727273,17.636363636363637,28.22508
WP Saha,2018,122,108,15.25,112.96,0.0,0.0,10,0,86.0,0,12.2,10.8,17.226399999999998
WP Saha,2019,86,55,17.2,156.36,0.0,0.0,5,0,214.0,0,17.2,11.0,26.89392
WP Saha,2020,214,159,71.33,134.59,0.0,0.0,4,0,131.0,0,53.5,39.75,96.00304700000001
WP Saha,2021,131,144,14.56,90.97,0.0,0.0,9,0,317.0,1,14.555555555555555,16.0,13.245232000000001
WP Saha,2022,317,266,31.7,119.17,0.0,0.0,11,1,371.0,1,28.818181818181817,24.181818181818183,37.77689
WP Saha,2023,371,297,23.19,124.92,0.0,0.0,17,1,136.0,0,21.823529411764707,17.470588235294116,28.968948
Washington Sundar,2017,9,12,9.0,75.0,6.03,0.8,10,0,65.0,0,0.9,1.2,6.75
Washington Sundar,2018,65,40,21.67,162.5,9.15,0.57,7,0,1.0,0,9.285714285714286,5.714285714285714,35.213750000000005
Washington Sundar,2019,1,4,0.5,25.0,8.22,1.33,3,0,111.0,0,0.3333333333333333,1.3333333333333333,0.125
Washington Sundar,2020,111,98,18.5,113.27,5.88,0.53,15,0,31.0,0,7.4,6.533333333333333,20.95495
Washington Sundar,2021,31,48,7.75,64.58,7.04,0.5,6,0,101.0,0,5.166666666666667,8.0,5.00495
Washington Sundar,2022,101,76,14.43,132.89,8.33,0.67,9,0,60.0,0,11.222222222222221,8.444444444444445,19.176026999999998
Washington Sundar,2023,60,62,15.0,96.77,8.26,0.43,7,0,0.0,0,8.571428571428571,8.857142857142858,14.5155
Washington Sundar,2024,0,1,0.0,0.0,14.6,0.5,2,0,133.0,0,0.0,0.5,0.0
YBK Jaiswal,2020,40,44,13.33,90.91,0.0,0.0,3,0,249.0,0,13.333333333333334,14.666666666666666,12.118303
YBK Jaiswal,2021,249,168,24.9,148.21,0.0,0.0,10,0,258.0,0,24.9,16.8,36.90429
YBK Jaiswal,2022,258,198,25.8,130.3,36.0,0.0,10,0,625.0,1,25.8,19.8,33.6174
YBK Jaiswal,2023,625,397,48.08,157.43,0.0,0.0,14,1,435.0,1,44.642857142857146,28.357142857142858,75.692344
YBK Jaiswal,2024,435,288,31.07,151.04,0.0,0.0,15,1,559.0,1,29.0,19.2,46.928127999999994
YK Pathan,2016,361,256,72.2,141.02,4.89,0.08,13,1,143.0,0,27.76923076923077,19.692307692307693,101.81644
YK Pathan,2017,143,123,17.88,116.26,10.25,0.08,12,0,260.0,0,11.916666666666666,10.25,20.787288
YK Pathan,2018,260,211,28.89,123.22,7.0,0.08,13,0,40.0,0,20.0,16.23076923076923,35.598258
YS Chahal,2016,0,0,0.0,0.0,7.48,1.62,13,0,13.0,0,0.0,0.0,0.0
YS Chahal,2017,13,26,4.33,50.0,7.11,1.08,13,0,0.0,0,1.0,2.0,2.165
YS Chahal,2018,0,4,0.0,0.0,6.63,0.86,14,0,6.0,0,0.0,0.2857142857142857,0.0
YS Chahal,2019,6,16,3.0,37.5,7.29,1.29,14,0,1.0,0,0.42857142857142855,1.1428571428571428,1.125
YS Chahal,2020,1,5,1.0,20.0,6.84,1.4,15,0,10.0,0,0.06666666666666667,0.3333333333333333,0.2
YS Chahal,2021,10,27,10.0,37.04,6.85,1.2,15,0,5.0,0,0.6666666666666666,1.8,3.7039999999999997
YS Chahal,2022,5,8,5.0,62.5,7.08,1.59,17,0,0.0,0,0.29411764705882354,0.47058823529411764,3.125
YS Chahal,2023,0,0,0.0,0.0,7.79,1.5,14,0,0.0,0,0.0,0.0,0.0
YS Chahal,2024,0,0,0.0,0.0,8.8,1.2,15,0,0.0,0,0.0,0.0,0.0
Yash Dayal,2022,0,1,0.0,0.0,8.28,1.22,9,0,0.0,0,0.0,0.1111111111111111,0.0
Yash Dayal,2023,0,0,0.0,0.0,10.98,0.4,5,0,0.0,0,0.0,0.0,0.0
Yash Dayal,2024,0,0,0.0,0.0,8.09,1.07,14,0,4.0,0,0.0,0.0,0.0
Yash Thakur,2023,0,0,0.0,0.0,7.91,1.44,9,0,0.0,0,0.0,0.0,0.0
Yash Thakur,2024,0,0,0.0,0.0,10.4,1.1,10,0,0.0,0,0.0,0.0,0.0
Yudhvir Singh,2023,1,2,0.5,50.0,7.68,1.0,3,0,21.0,0,0.3333333333333333,0.6666666666666666,0.25
Yudhvir Singh,2024,21,14,10.5,150.0,13.0,0.5,2,0,0.0,0,10.5,7.0,15.75
Yuvraj Singh,2016,236,183,26.22,128.96,8.05,0.0,10,0,252.0,0,23.6,18.3,33.813312
Yuvraj Singh,2017,252,188,28.0,134.04,11.0,0.09,11,0,65.0,0,22.90909090909091,17.09090909090909,37.5312
Yuvraj Singh,2018,65,74,10.83,87.84,10.15,0.0,7,0,98.0,0,9.285714285714286,10.571428571428571,9.513072000000001
Z Khan,2016,6,13,3.0,46.15,7.17,0.83,12,0,4.0,0,0.5,1.0833333333333333,1.3844999999999998
